Job profession,Linguistic,Musical,Bodily,Logical - Mathematical,Spatial-Visualization,Interpersonal,Intrapersonal,Naturalist
Astronomer,11.0,5.0,12.0,16.0,17.0,11.0,18.0,19.0
Astronomer,12.0,6.0,12.0,16.0,16.0,11.0,18.0,19.0
Astronomer,13.0,7.0,12.0,16.0,15.0,11.0,18.0,19.0
Astronomer,14.0,8.0,12.0,16.0,19.0,11.0,18.0,19.0
Astronomer,13.0,9.0,12.0,16.0,20.0,11.0,19.0,19.0
Astronomer,12.0,8.0,12.0,16.0,17.0,11.0,19.0,19.0
Astronomer,11.0,7.0,12.0,16.0,16.0,11.0,19.0,19.0
Astronomer,14.0,6.0,12.0,16.0,15.0,11.0,19.0,19.0
Astronomer,11.0,5.0,12.0,16.0,19.0,11.0,19.0,19.0
Astronomer,12.0,5.0,13.0,16.0,20.0,12.0,19.0,19.0
Astronomer,13.0,6.0,13.0,16.0,17.0,12.0,19.0,19.0
Astronomer,14.0,7.0,13.0,16.0,16.0,12.0,19.0,19.0
Astronomer,13.0,8.0,13.0,17.0,15.0,12.0,19.0,19.0
Astronomer,12.0,9.0,13.0,17.0,19.0,12.0,19.0,19.0
Astronomer,11.0,8.0,13.0,17.0,20.0,12.0,19.0,18.0
Astronomer,14.0,7.0,13.0,17.0,15.0,12.0,19.0,18.0
Astronomer,11.0,6.0,13.0,17.0,15.0,12.0,20.0,18.0
Astronomer,12.0,5.0,13.0,18.0,16.0,12.0,20.0,18.0
Astronomer,13.0,5.0,13.0,18.0,16.0,12.0,20.0,18.0
Astronomer,14.0,6.0,14.0,18.0,17.0,13.0,20.0,18.0
Astronomer,13.0,7.0,14.0,18.0,16.0,13.0,20.0,18.0
Astronomer,12.0,8.0,14.0,18.0,15.0,13.0,16.0,18.0
Astronomer,11.0,9.0,14.0,18.0,19.0,13.0,16.0,18.0
Astronomer,14.0,8.0,14.0,18.0,20.0,13.0,16.0,18.0
Astronomer,11.0,7.0,14.0,18.0,16.0,13.0,16.0,19.0
Astronomer,12.0,6.0,14.0,19.0,16.0,13.0,16.0,20.0
Astronomer,13.0,5.0,14.0,19.0,17.0,13.0,16.0,20.0
Astronomer,14.0,5.0,14.0,19.0,17.0,13.0,16.0,20.0
Astronomer,13.0,5.0,14.0,19.0,16.0,13.0,16.0,20.0
Astronomer,12.0,6.0,14.0,19.0,15.0,13.0,16.0,20.0
Astronomer,11.0,7.0,14.0,19.0,19.0,13.0,16.0,20.0
Astronomer,14.0,8.0,14.0,19.0,20.0,13.0,16.0,20.0
Astronomer,11.0,9.0,14.0,19.0,17.0,13.0,16.0,20.0
Astronomer,12.0,8.0,14.0,19.0,17.0,13.0,16.0,20.0
Astronomer,13.0,7.0,11.0,19.0,17.0,13.0,16.0,20.0
Astronomer,14.0,6.0,11.0,19.0,16.0,13.0,16.0,20.0
Astronomer,13.0,5.0,11.0,20.0,15.0,13.0,16.0,20.0
Astronomer,12.0,8.0,11.0,20.0,19.0,12.0,16.0,20.0
Astronomer,11.0,5.0,11.0,20.0,20.0,12.0,16.0,20.0
Astronomer,14.0,6.0,11.0,20.0,17.0,12.0,16.0,20.0
Astronomer,11.0,7.0,11.0,20.0,17.0,12.0,17.0,15.0
Astronomer,12.0,8.0,11.0,20.0,18.0,12.0,17.0,15.0
Astronomer,13.0,9.0,11.0,20.0,17.0,12.0,17.0,15.0
Astronomer,14.0,8.0,11.0,20.0,16.0,12.0,17.0,15.0
Astronomer,13.0,7.0,12.0,20.0,15.0,11.0,17.0,15.0
Astronomer,12.0,6.0,12.0,20.0,19.0,11.0,17.0,15.0
Astronomer,11.0,5.0,12.0,20.0,20.0,11.0,17.0,15.0
Astronomer,14.0,9.0,12.0,20.0,18.0,11.0,17.0,15.0
Astronomer,11.0,7.0,12.0,20.0,18.0,11.0,17.0,15.0
Astronomer,12.0,9.0,12.0,20.0,18.0,11.0,17.0,15.0
Geologist,11.0,8.0,17.0,19.0,13.0,6.0,12.0,20.0
Geologist,12.0,5.0,16.0,19.0,14.0,7.0,12.0,20.0
Geologist,13.0,6.0,15.0,19.0,13.0,8.0,12.0,20.0
Geologist,14.0,7.0,19.0,19.0,12.0,9.0,12.0,20.0
Geologist,13.0,8.0,20.0,19.0,11.0,8.0,12.0,20.0
Geologist,12.0,9.0,17.0,19.0,14.0,5.0,12.0,20.0
Geologist,11.0,8.0,17.0,19.0,11.0,6.0,12.0,20.0
Geologist,14.0,5.0,18.0,19.0,12.0,7.0,12.0,20.0
Geologist,11.0,6.0,17.0,19.0,13.0,8.0,12.0,20.0
Geologist,12.0,7.0,17.0,19.0,13.0,9.0,12.0,20.0
Geologist,13.0,8.0,16.0,19.0,14.0,8.0,13.0,20.0
Geologist,14.0,9.0,15.0,15.0,13.0,5.0,13.0,20.0
Geologist,13.0,8.0,19.0,15.0,12.0,6.0,13.0,20.0
Geologist,12.0,5.0,20.0,15.0,11.0,7.0,13.0,20.0
Geologist,11.0,6.0,17.0,15.0,14.0,8.0,13.0,20.0
Geologist,14.0,7.0,17.0,15.0,11.0,9.0,13.0,20.0
Geologist,11.0,8.0,18.0,15.0,12.0,8.0,13.0,20.0
Geologist,12.0,9.0,17.0,15.0,13.0,5.0,13.0,18.0
Geologist,13.0,8.0,17.0,15.0,13.0,6.0,13.0,18.0
Geologist,14.0,5.0,16.0,15.0,14.0,7.0,13.0,18.0
Geologist,13.0,6.0,15.0,15.0,13.0,8.0,13.0,18.0
Geologist,12.0,7.0,19.0,18.0,12.0,9.0,13.0,18.0
Geologist,11.0,8.0,20.0,18.0,11.0,8.0,11.0,18.0
Geologist,14.0,9.0,17.0,18.0,14.0,5.0,11.0,18.0
Geologist,11.0,8.0,17.0,18.0,11.0,6.0,11.0,18.0
Geologist,12.0,5.0,18.0,18.0,12.0,7.0,11.0,18.0
Geologist,13.0,6.0,17.0,18.0,13.0,8.0,11.0,18.0
Geologist,14.0,7.0,17.0,18.0,13.0,9.0,11.0,18.0
Geologist,13.0,8.0,16.0,18.0,14.0,8.0,11.0,18.0
Geologist,12.0,9.0,15.0,18.0,13.0,5.0,11.0,18.0
Geologist,11.0,8.0,19.0,18.0,12.0,6.0,11.0,18.0
Geologist,14.0,5.0,20.0,18.0,11.0,7.0,11.0,18.0
Geologist,11.0,6.0,17.0,18.0,14.0,8.0,11.0,18.0
Geologist,12.0,7.0,17.0,18.0,11.0,9.0,11.0,17.0
Geologist,13.0,8.0,18.0,18.0,12.0,8.0,11.0,17.0
Geologist,14.0,9.0,17.0,18.0,13.0,5.0,11.0,17.0
Geologist,13.0,8.0,17.0,18.0,13.0,6.0,14.0,17.0
Geologist,12.0,5.0,16.0,18.0,14.0,7.0,14.0,17.0
Geologist,11.0,6.0,15.0,18.0,13.0,8.0,14.0,17.0
Geologist,14.0,7.0,19.0,19.0,12.0,9.0,14.0,17.0
Geologist,11.0,8.0,20.0,19.0,11.0,8.0,14.0,17.0
Geologist,12.0,9.0,17.0,19.0,14.0,5.0,14.0,17.0
Geologist,13.0,8.0,17.0,19.0,11.0,6.0,14.0,17.0
Geologist,14.0,5.0,18.0,19.0,12.0,7.0,14.0,17.0
Geologist,13.0,6.0,17.0,19.0,11.0,8.0,14.0,17.0
Geologist,12.0,7.0,16.0,19.0,12.0,9.0,14.0,17.0
Geologist,11.0,8.0,15.0,19.0,13.0,8.0,14.0,17.0
Geologist,14.0,9.0,19.0,19.0,14.0,5.0,14.0,17.0
Geologist,11.0,7.0,20.0,19.0,13.0,9.0,14.0,17.0
Geologist,12.0,6.0,17.0,19.0,12.0,7.0,14.0,17.0
Marine Biologist,5.0,6.0,11.0,20.0,12.0,7.0,13.0,19.0
Marine Biologist,6.0,5.0,12.0,20.0,12.0,9.0,13.0,19.0
Marine Biologist,7.0,6.0,14.0,20.0,12.0,10.0,11.0,19.0
Marine Biologist,8.0,7.0,12.0,20.0,12.0,9.0,12.0,19.0
Marine Biologist,9.0,8.0,13.0,20.0,12.0,8.0,14.0,19.0
Marine Biologist,10.0,9.0,11.0,20.0,12.0,7.0,12.0,19.0
Marine Biologist,9.0,8.0,12.0,20.0,12.0,6.0,13.0,19.0
Marine Biologist,8.0,5.0,14.0,20.0,12.0,6.0,11.0,19.0
Marine Biologist,7.0,6.0,12.0,20.0,12.0,9.0,12.0,19.0
Marine Biologist,6.0,7.0,13.0,20.0,12.0,10.0,14.0,19.0
Marine Biologist,6.0,8.0,11.0,20.0,12.0,9.0,13.0,19.0
Marine Biologist,7.0,9.0,12.0,20.0,12.0,8.0,11.0,19.0
Marine Biologist,8.0,5.0,14.0,20.0,12.0,7.0,12.0,19.0
Marine Biologist,9.0,6.0,12.0,20.0,12.0,6.0,14.0,19.0
Marine Biologist,10.0,7.0,13.0,20.0,12.0,6.0,12.0,19.0
Marine Biologist,9.0,8.0,11.0,20.0,12.0,9.0,13.0,19.0
Marine Biologist,8.0,9.0,12.0,20.0,12.0,10.0,11.0,19.0
Marine Biologist,7.0,8.0,14.0,20.0,12.0,9.0,12.0,19.0
Marine Biologist,6.0,5.0,12.0,20.0,12.0,8.0,14.0,19.0
Marine Biologist,6.0,6.0,13.0,19.0,12.0,7.0,13.0,19.0
Marine Biologist,7.0,7.0,11.0,19.0,12.0,6.0,11.0,19.0
Marine Biologist,8.0,8.0,12.0,19.0,12.0,6.0,12.0,19.0
Marine Biologist,9.0,9.0,14.0,19.0,11.0,9.0,14.0,16.0
Marine Biologist,10.0,5.0,12.0,19.0,11.0,10.0,12.0,16.0
Marine Biologist,9.0,6.0,13.0,19.0,11.0,9.0,13.0,16.0
Marine Biologist,8.0,7.0,11.0,19.0,11.0,8.0,11.0,16.0
Marine Biologist,7.0,8.0,12.0,19.0,11.0,7.0,12.0,16.0
Marine Biologist,6.0,9.0,14.0,19.0,11.0,6.0,14.0,16.0
Marine Biologist,6.0,8.0,12.0,19.0,11.0,6.0,13.0,16.0
Marine Biologist,7.0,5.0,13.0,19.0,11.0,9.0,11.0,16.0
Marine Biologist,8.0,6.0,11.0,19.0,11.0,10.0,12.0,16.0
Marine Biologist,9.0,7.0,12.0,19.0,11.0,9.0,14.0,16.0
Marine Biologist,10.0,8.0,14.0,19.0,14.0,8.0,12.0,16.0
Marine Biologist,9.0,9.0,12.0,18.0,14.0,7.0,13.0,16.0
Marine Biologist,8.0,5.0,13.0,18.0,14.0,6.0,11.0,16.0
Marine Biologist,7.0,6.0,11.0,18.0,14.0,6.0,12.0,18.0
Marine Biologist,6.0,7.0,12.0,18.0,14.0,9.0,14.0,18.0
Marine Biologist,6.0,8.0,14.0,18.0,14.0,10.0,13.0,18.0
Marine Biologist,7.0,9.0,12.0,18.0,14.0,9.0,11.0,18.0
Marine Biologist,8.0,8.0,13.0,18.0,14.0,8.0,12.0,18.0
Marine Biologist,9.0,5.0,11.0,18.0,14.0,7.0,14.0,18.0
Marine Biologist,10.0,6.0,12.0,18.0,14.0,6.0,12.0,18.0
Marine Biologist,9.0,7.0,14.0,18.0,14.0,6.0,13.0,18.0
Marine Biologist,8.0,8.0,12.0,18.0,12.0,9.0,11.0,18.0
Marine Biologist,7.0,9.0,13.0,18.0,12.0,10.0,12.0,18.0
Marine Biologist,6.0,5.0,12.0,18.0,12.0,9.0,14.0,18.0
Marine Biologist,8.0,6.0,14.0,17.0,12.0,8.0,13.0,18.0
Marine Biologist,7.0,7.0,12.0,17.0,12.0,7.0,11.0,18.0
Marine Biologist,6.0,8.0,13.0,17.0,12.0,6.0,12.0,18.0
Marine Biologist,9.0,9.0,11.0,17.0,12.0,6.0,14.0,18.0
Veterinarian,11.0,5.0,11.0,12.0,6.0,17.0,19.0,18.0
Veterinarian,12.0,5.0,14.0,14.0,9.0,20.0,19.0,18.0
Veterinarian,14.0,9.0,13.0,12.0,8.0,18.0,19.0,18.0
Veterinarian,13.0,8.0,11.0,13.0,7.0,19.0,19.0,18.0
Veterinarian,11.0,7.0,12.0,11.0,6.0,16.0,19.0,18.0
Veterinarian,12.0,6.0,14.0,12.0,8.0,15.0,19.0,18.0
Veterinarian,11.0,8.0,13.0,14.0,7.0,17.0,19.0,18.0
Veterinarian,11.0,7.0,11.0,12.0,6.0,20.0,19.0,18.0
Veterinarian,12.0,6.0,12.0,13.0,9.0,18.0,19.0,18.0
Veterinarian,14.0,9.0,11.0,11.0,6.0,19.0,19.0,18.0
Veterinarian,13.0,5.0,14.0,12.0,9.0,16.0,19.0,18.0
Veterinarian,11.0,5.0,13.0,14.0,8.0,15.0,19.0,18.0
Veterinarian,12.0,9.0,11.0,12.0,7.0,17.0,18.0,18.0
Veterinarian,11.0,8.0,12.0,13.0,6.0,20.0,18.0,18.0
Veterinarian,11.0,7.0,14.0,11.0,8.0,18.0,18.0,18.0
Veterinarian,12.0,6.0,13.0,12.0,7.0,19.0,18.0,18.0
Veterinarian,14.0,8.0,11.0,14.0,6.0,16.0,18.0,18.0
Veterinarian,13.0,7.0,12.0,12.0,9.0,15.0,18.0,17.0
Veterinarian,11.0,6.0,11.0,14.0,7.0,17.0,18.0,17.0
Veterinarian,12.0,9.0,11.0,12.0,9.0,20.0,18.0,17.0
Veterinarian,11.0,6.0,11.0,13.0,8.0,18.0,18.0,17.0
Veterinarian,11.0,9.0,14.0,11.0,7.0,19.0,18.0,17.0
Veterinarian,12.0,8.0,13.0,12.0,6.0,16.0,18.0,17.0
Veterinarian,14.0,7.0,11.0,14.0,8.0,15.0,18.0,17.0
Veterinarian,13.0,6.0,12.0,12.0,7.0,17.0,18.0,17.0
Veterinarian,11.0,8.0,14.0,13.0,6.0,20.0,18.0,17.0
Veterinarian,12.0,7.0,13.0,11.0,9.0,18.0,18.0,17.0
Veterinarian,11.0,6.0,11.0,12.0,7.0,19.0,18.0,17.0
Veterinarian,11.0,9.0,12.0,14.0,9.0,16.0,18.0,17.0
Veterinarian,12.0,7.0,11.0,12.0,8.0,15.0,18.0,17.0
Veterinarian,14.0,9.0,11.0,13.0,7.0,17.0,18.0,17.0
Veterinarian,13.0,8.0,14.0,11.0,6.0,20.0,18.0,17.0
Veterinarian,11.0,7.0,13.0,12.0,8.0,18.0,18.0,17.0
Veterinarian,12.0,6.0,11.0,14.0,7.0,19.0,18.0,17.0
Veterinarian,11.0,8.0,12.0,12.0,6.0,16.0,18.0,17.0
Veterinarian,11.0,7.0,14.0,14.0,9.0,15.0,18.0,17.0
Veterinarian,12.0,6.0,13.0,12.0,9.0,17.0,18.0,17.0
Veterinarian,14.0,9.0,11.0,13.0,9.0,20.0,17.0,17.0
Veterinarian,13.0,7.0,12.0,11.0,8.0,18.0,17.0,17.0
Veterinarian,11.0,7.0,14.0,12.0,7.0,19.0,17.0,19.0
Veterinarian,12.0,7.0,14.0,14.0,6.0,16.0,17.0,19.0
Veterinarian,11.0,9.0,11.0,12.0,8.0,15.0,17.0,19.0
Veterinarian,11.0,8.0,14.0,13.0,7.0,17.0,17.0,19.0
Veterinarian,12.0,7.0,13.0,11.0,9.0,20.0,17.0,19.0
Veterinarian,14.0,6.0,11.0,12.0,8.0,18.0,17.0,19.0
Veterinarian,13.0,8.0,12.0,14.0,7.0,19.0,17.0,19.0
Veterinarian,11.0,7.0,14.0,12.0,6.0,16.0,17.0,19.0
Veterinarian,12.0,6.0,13.0,13.0,8.0,15.0,17.0,19.0
Veterinarian,11.0,9.0,11.0,11.0,7.0,18.0,17.0,19.0
Veterinarian,13.0,10.0,12.0,12.0,6.0,15.0,17.0,19.0
Nature photographer,11.0,5.0,17.0,10.0,6.0,12.0,17.0,20.0
Nature photographer,12.0,5.0,20.0,10.0,6.0,12.0,17.0,18.0
Nature photographer,13.0,6.0,18.0,10.0,6.0,12.0,17.0,20.0
Nature photographer,14.0,6.0,19.0,10.0,6.0,12.0,17.0,15.0
Nature photographer,13.0,7.0,16.0,10.0,6.0,12.0,17.0,20.0
Nature photographer,12.0,7.0,15.0,10.0,6.0,12.0,17.0,16.0
Nature photographer,11.0,8.0,17.0,10.0,6.0,12.0,17.0,19.0
Nature photographer,11.0,8.0,20.0,10.0,6.0,12.0,17.0,18.0
Nature photographer,12.0,9.0,18.0,10.0,6.0,12.0,17.0,20.0
Nature photographer,13.0,9.0,19.0,10.0,6.0,12.0,17.0,19.0
Nature photographer,14.0,5.0,16.0,10.0,6.0,12.0,17.0,18.0
Nature photographer,13.0,5.0,15.0,10.0,6.0,12.0,17.0,17.0
Nature photographer,12.0,6.0,17.0,10.0,6.0,11.0,17.0,20.0
Nature photographer,11.0,6.0,20.0,10.0,6.0,11.0,17.0,18.0
Nature photographer,11.0,7.0,18.0,8.0,6.0,11.0,17.0,20.0
Nature photographer,12.0,7.0,19.0,8.0,6.0,11.0,17.0,15.0
Nature photographer,13.0,8.0,16.0,8.0,6.0,11.0,17.0,20.0
Nature photographer,14.0,8.0,15.0,8.0,5.0,11.0,17.0,16.0
Nature photographer,13.0,9.0,17.0,8.0,5.0,11.0,17.0,19.0
Nature photographer,12.0,9.0,20.0,8.0,5.0,11.0,19.0,18.0
Nature photographer,11.0,7.0,18.0,8.0,5.0,11.0,19.0,20.0
Nature photographer,11.0,5.0,19.0,8.0,5.0,11.0,19.0,19.0
Nature photographer,12.0,5.0,16.0,8.0,5.0,11.0,19.0,18.0
Nature photographer,13.0,6.0,15.0,6.0,5.0,11.0,19.0,17.0
Nature photographer,14.0,6.0,17.0,6.0,5.0,11.0,19.0,18.0
Nature photographer,13.0,7.0,20.0,6.0,5.0,11.0,19.0,20.0
Nature photographer,12.0,7.0,18.0,6.0,5.0,11.0,19.0,15.0
Nature photographer,11.0,8.0,19.0,6.0,5.0,13.0,19.0,20.0
Nature photographer,14.0,8.0,16.0,6.0,5.0,13.0,19.0,16.0
Nature photographer,12.0,9.0,15.0,6.0,5.0,13.0,19.0,19.0
Nature photographer,13.0,9.0,17.0,6.0,5.0,13.0,19.0,18.0
Nature photographer,14.0,8.0,20.0,6.0,5.0,13.0,19.0,20.0
Nature photographer,13.0,5.0,18.0,6.0,5.0,13.0,19.0,19.0
Nature photographer,12.0,5.0,19.0,6.0,5.0,13.0,19.0,18.0
Nature photographer,11.0,6.0,16.0,6.0,5.0,13.0,19.0,17.0
Nature photographer,11.0,6.0,15.0,6.0,8.0,13.0,19.0,18.0
Nature photographer,12.0,7.0,17.0,6.0,8.0,13.0,19.0,20.0
Nature photographer,13.0,7.0,17.0,6.0,8.0,13.0,19.0,15.0
Nature photographer,14.0,8.0,20.0,6.0,8.0,13.0,19.0,20.0
Nature photographer,13.0,8.0,18.0,6.0,8.0,13.0,18.0,16.0
Nature photographer,12.0,9.0,19.0,6.0,8.0,13.0,18.0,19.0
Nature photographer,11.0,5.0,16.0,7.0,8.0,14.0,18.0,18.0
Nature photographer,11.0,5.0,15.0,7.0,8.0,14.0,18.0,20.0
Nature photographer,12.0,6.0,17.0,7.0,8.0,14.0,18.0,19.0
Nature photographer,13.0,6.0,20.0,7.0,8.0,14.0,18.0,18.0
Nature photographer,14.0,7.0,18.0,7.0,8.0,14.0,18.0,17.0
Nature photographer,13.0,7.0,19.0,7.0,8.0,14.0,18.0,16.0
Nature photographer,12.0,8.0,16.0,7.0,8.0,14.0,18.0,15.0
Nature photographer,11.0,8.0,15.0,7.0,8.0,14.0,18.0,17.0
Nature photographer,14.0,9.0,18.0,7.0,8.0,14.0,18.0,18.0
Recording engineer,13.0,20.0,5.0,16.0,5.0,17.0,12.0,7.0
Recording engineer,12.0,17.0,6.0,16.0,6.0,17.0,12.0,5.0
Recording engineer,11.0,17.0,7.0,16.0,7.0,17.0,12.0,6.0
Recording engineer,11.0,18.0,8.0,16.0,8.0,17.0,12.0,7.0
Recording engineer,12.0,17.0,9.0,16.0,9.0,17.0,12.0,8.0
Recording engineer,13.0,17.0,10.0,16.0,6.0,17.0,12.0,9.0
Recording engineer,13.0,16.0,5.0,16.0,5.0,17.0,12.0,5.0
Recording engineer,12.0,15.0,5.0,16.0,6.0,17.0,12.0,6.0
Recording engineer,11.0,19.0,5.0,16.0,7.0,17.0,12.0,7.0
Recording engineer,11.0,20.0,6.0,16.0,8.0,17.0,12.0,8.0
Recording engineer,12.0,17.0,7.0,16.0,9.0,17.0,12.0,9.0
Recording engineer,13.0,17.0,8.0,17.0,5.0,18.0,13.0,8.0
Recording engineer,13.0,18.0,9.0,17.0,6.0,18.0,14.0,8.0
Recording engineer,12.0,17.0,7.0,17.0,7.0,18.0,11.0,8.0
Recording engineer,11.0,16.0,8.0,17.0,8.0,18.0,12.0,8.0
Recording engineer,11.0,20.0,9.0,17.0,9.0,18.0,13.0,8.0
Recording engineer,12.0,17.0,10.0,17.0,5.0,18.0,11.0,8.0
Recording engineer,13.0,17.0,9.0,17.0,6.0,18.0,12.0,8.0
Recording engineer,13.0,18.0,8.0,17.0,7.0,18.0,13.0,8.0
Recording engineer,12.0,17.0,5.0,17.0,8.0,18.0,12.0,8.0
Recording engineer,11.0,17.0,6.0,17.0,9.0,18.0,14.0,8.0
Recording engineer,11.0,16.0,7.0,17.0,5.0,18.0,13.0,8.0
Recording engineer,12.0,15.0,5.0,18.0,6.0,19.0,11.0,6.0
Recording engineer,13.0,19.0,6.0,18.0,7.0,19.0,14.0,6.0
Recording engineer,13.0,20.0,7.0,18.0,8.0,19.0,14.0,6.0
Recording engineer,12.0,17.0,8.0,18.0,9.0,19.0,14.0,6.0
Recording engineer,11.0,17.0,9.0,18.0,5.0,19.0,14.0,6.0
Recording engineer,11.0,18.0,10.0,18.0,6.0,19.0,14.0,6.0
Recording engineer,12.0,17.0,5.0,18.0,7.0,19.0,14.0,6.0
Recording engineer,13.0,20.0,6.0,18.0,8.0,19.0,14.0,6.0
Recording engineer,13.0,17.0,7.0,18.0,9.0,19.0,12.0,6.0
Recording engineer,12.0,17.0,8.0,18.0,8.0,19.0,14.0,6.0
Recording engineer,11.0,18.0,9.0,18.0,5.0,19.0,13.0,6.0
Recording engineer,11.0,17.0,10.0,18.0,6.0,19.0,11.0,5.0
Recording engineer,12.0,17.0,7.0,19.0,7.0,20.0,12.0,6.0
Recording engineer,13.0,16.0,8.0,19.0,8.0,20.0,12.0,7.0
Recording engineer,13.0,15.0,9.0,19.0,9.0,20.0,12.0,8.0
Recording engineer,12.0,19.0,10.0,18.0,8.0,20.0,12.0,9.0
Recording engineer,11.0,20.0,5.0,17.0,9.0,20.0,14.0,5.0
Recording engineer,11.0,17.0,6.0,17.0,5.0,20.0,13.0,6.0
Recording engineer,12.0,17.0,7.0,16.0,6.0,20.0,11.0,7.0
Recording engineer,13.0,18.0,8.0,15.0,7.0,20.0,12.0,8.0
Recording engineer,14.0,17.0,9.0,19.0,8.0,20.0,14.0,9.0
Recording engineer,13.0,17.0,10.0,20.0,9.0,20.0,13.0,7.0
Recording engineer,11.0,17.0,10.0,17.0,8.0,19.0,11.0,8.0
Recording engineer,12.0,17.0,10.0,17.0,9.0,15.0,12.0,9.0
Recording engineer,14.0,18.0,10.0,18.0,10.0,16.0,14.0,10.0
Recording engineer,13.0,20.0,10.0,17.0,5.0,17.0,13.0,8.0
Recording engineer,11.0,17.0,10.0,15.0,6.0,18.0,11.0,9.0
Recording engineer,11.0,18.0,10.0,17.0,7.0,19.0,13.0,10.0
Audiologist,17.0,14.0,6.0,16.0,9.0,16.0,11.0,11.0
Audiologist,16.0,11.0,6.0,17.0,9.0,15.0,12.0,12.0
Audiologist,15.0,12.0,6.0,18.0,9.0,19.0,13.0,13.0
Audiologist,19.0,13.0,6.0,19.0,9.0,20.0,14.0,14.0
Audiologist,20.0,14.0,6.0,20.0,9.0,17.0,11.0,11.0
Audiologist,17.0,11.0,6.0,15.0,9.0,16.0,12.0,12.0
Audiologist,17.0,12.0,6.0,16.0,9.0,15.0,13.0,13.0
Audiologist,16.0,13.0,6.0,17.0,9.0,19.0,14.0,14.0
Audiologist,15.0,12.0,6.0,18.0,9.0,20.0,11.0,11.0
Audiologist,19.0,14.0,6.0,19.0,9.0,17.0,12.0,12.0
Audiologist,20.0,11.0,6.0,20.0,9.0,16.0,13.0,13.0
Audiologist,17.0,12.0,6.0,15.0,9.0,15.0,14.0,14.0
Audiologist,17.0,13.0,6.0,16.0,9.0,19.0,11.0,11.0
Audiologist,16.0,14.0,6.0,17.0,9.0,20.0,12.0,12.0
Audiologist,15.0,11.0,6.0,18.0,9.0,17.0,13.0,13.0
Audiologist,19.0,12.0,6.0,19.0,9.0,16.0,14.0,14.0
Audiologist,20.0,13.0,6.0,20.0,9.0,15.0,11.0,11.0
Audiologist,17.0,12.0,6.0,15.0,9.0,19.0,12.0,12.0
Audiologist,16.0,14.0,6.0,16.0,9.0,20.0,13.0,13.0
Audiologist,17.0,11.0,6.0,17.0,9.0,16.0,14.0,14.0
Audiologist,16.0,12.0,6.0,18.0,9.0,15.0,11.0,11.0
Audiologist,15.0,13.0,6.0,19.0,9.0,19.0,12.0,12.0
Audiologist,19.0,14.0,6.0,20.0,9.0,20.0,13.0,13.0
Audiologist,20.0,11.0,6.0,15.0,9.0,17.0,14.0,14.0
Audiologist,17.0,12.0,6.0,16.0,9.0,17.0,11.0,11.0
Audiologist,17.0,13.0,7.0,17.0,9.0,17.0,12.0,12.0
Audiologist,17.0,12.0,8.0,18.0,9.0,17.0,13.0,13.0
Audiologist,16.0,14.0,9.0,19.0,9.0,17.0,14.0,14.0
Audiologist,15.0,11.0,10.0,20.0,9.0,17.0,11.0,13.0
Audiologist,19.0,12.0,8.0,20.0,9.0,20.0,12.0,11.0
Audiologist,20.0,13.0,8.0,20.0,5.0,20.0,12.0,11.0
Audiologist,17.0,14.0,8.0,20.0,6.0,20.0,12.0,11.0
Audiologist,17.0,11.0,8.0,20.0,7.0,20.0,12.0,11.0
Audiologist,16.0,12.0,8.0,20.0,8.0,20.0,12.0,11.0
Audiologist,15.0,13.0,8.0,20.0,9.0,20.0,12.0,11.0
Audiologist,19.0,12.0,8.0,20.0,10.0,20.0,12.0,11.0
Audiologist,20.0,14.0,5.0,20.0,9.0,20.0,12.0,11.0
Audiologist,17.0,11.0,6.0,20.0,9.0,20.0,12.0,11.0
Audiologist,18.0,12.0,7.0,20.0,9.0,20.0,12.0,11.0
Audiologist,17.0,13.0,8.0,20.0,9.0,20.0,12.0,11.0
Audiologist,16.0,14.0,9.0,20.0,9.0,20.0,12.0,11.0
Audiologist,15.0,11.0,10.0,20.0,9.0,20.0,12.0,11.0
Audiologist,19.0,12.0,8.0,20.0,5.0,20.0,12.0,11.0
Audiologist,20.0,13.0,8.0,20.0,6.0,20.0,12.0,11.0
Audiologist,17.0,12.0,8.0,20.0,7.0,20.0,12.0,11.0
Audiologist,17.0,14.0,8.0,20.0,8.0,20.0,12.0,11.0
Audiologist,16.0,11.0,8.0,20.0,9.0,20.0,12.0,11.0
Audiologist,15.0,12.0,8.0,20.0,10.0,20.0,12.0,11.0
Audiologist,19.0,13.0,7.0,20.0,9.0,20.0,12.0,11.0
Audiologist,20.0,14.0,6.0,20.0,9.0,20.0,12.0,11.0
Sound editor,11.0,20.0,5.0,15.0,7.0,12.0,13.0,18.0
Sound editor,12.0,15.0,6.0,16.0,5.0,13.0,13.0,19.0
Sound editor,13.0,15.0,8.0,17.0,6.0,14.0,13.0,20.0
Sound editor,14.0,17.0,9.0,18.0,8.0,12.0,13.0,17.0
Sound editor,12.0,19.0,10.0,19.0,9.0,13.0,13.0,18.0
Sound editor,13.0,20.0,9.0,16.0,10.0,14.0,13.0,18.0
Sound editor,11.0,15.0,8.0,15.0,9.0,12.0,13.0,19.0
Sound editor,12.0,15.0,7.0,16.0,8.0,13.0,13.0,20.0
Sound editor,13.0,15.0,5.0,17.0,7.0,14.0,13.0,17.0
Sound editor,14.0,15.0,6.0,18.0,5.0,12.0,13.0,18.0
Sound editor,12.0,15.0,5.0,19.0,6.0,13.0,13.0,18.0
Sound editor,13.0,15.0,6.0,20.0,5.0,12.0,13.0,19.0
Sound editor,11.0,15.0,8.0,16.0,6.0,13.0,13.0,20.0
Sound editor,12.0,16.0,9.0,16.0,8.0,14.0,13.0,17.0
Sound editor,13.0,17.0,10.0,16.0,9.0,12.0,13.0,18.0
Sound editor,14.0,18.0,9.0,16.0,10.0,13.0,13.0,18.0
Sound editor,12.0,19.0,8.0,16.0,9.0,12.0,13.0,19.0
Sound editor,13.0,20.0,7.0,16.0,8.0,13.0,13.0,20.0
Sound editor,11.0,15.0,5.0,15.0,7.0,14.0,13.0,17.0
Sound editor,12.0,15.0,6.0,16.0,5.0,12.0,13.0,18.0
Sound editor,13.0,15.0,5.0,17.0,6.0,13.0,13.0,18.0
Sound editor,14.0,15.0,6.0,18.0,5.0,12.0,13.0,19.0
Sound editor,12.0,15.0,8.0,19.0,6.0,13.0,13.0,20.0
Sound editor,13.0,15.0,9.0,18.0,8.0,14.0,13.0,17.0
Sound editor,11.0,16.0,10.0,19.0,9.0,12.0,13.0,18.0
Sound editor,12.0,18.0,9.0,20.0,10.0,13.0,14.0,18.0
Sound editor,13.0,19.0,8.0,15.0,9.0,12.0,14.0,19.0
Sound editor,14.0,20.0,7.0,16.0,8.0,13.0,14.0,20.0
Sound editor,12.0,15.0,5.0,17.0,7.0,14.0,14.0,17.0
Sound editor,13.0,16.0,6.0,18.0,5.0,12.0,14.0,18.0
Sound editor,14.0,17.0,10.0,19.0,6.0,13.0,14.0,18.0
Sound editor,12.0,18.0,5.0,20.0,10.0,11.0,14.0,19.0
Sound editor,13.0,19.0,6.0,17.0,9.0,12.0,14.0,20.0
Sound editor,14.0,20.0,7.0,18.0,8.0,13.0,14.0,17.0
Sound editor,12.0,17.0,8.0,19.0,7.0,14.0,14.0,18.0
Sound editor,13.0,18.0,9.0,20.0,6.0,12.0,14.0,18.0
Sound editor,14.0,18.0,10.0,15.0,5.0,13.0,14.0,19.0
Sound editor,12.0,19.0,5.0,18.0,10.0,11.0,14.0,20.0
Sound editor,13.0,20.0,6.0,19.0,9.0,12.0,14.0,17.0
Sound editor,14.0,15.0,7.0,20.0,8.0,13.0,14.0,18.0
Sound editor,12.0,16.0,8.0,15.0,7.0,14.0,14.0,18.0
Sound editor,13.0,17.0,9.0,16.0,6.0,12.0,14.0,19.0
Sound editor,14.0,18.0,10.0,17.0,5.0,13.0,14.0,20.0
Sound editor,12.0,19.0,5.0,18.0,10.0,11.0,14.0,17.0
Sound editor,13.0,20.0,6.0,19.0,9.0,12.0,14.0,18.0
Sound editor,14.0,17.0,7.0,20.0,8.0,13.0,14.0,18.0
Sound editor,12.0,18.0,8.0,17.0,7.0,14.0,14.0,19.0
Sound editor,13.0,19.0,9.0,18.0,6.0,12.0,14.0,20.0
Sound editor,14.0,20.0,10.0,19.0,5.0,13.0,14.0,17.0
Sound editor,12.0,15.0,8.0,20.0,5.0,11.0,14.0,18.0
Music teacher,15.0,20.0,11.0,5.0,8.0,19.0,13.0,12.0
Music teacher,16.0,17.0,12.0,6.0,9.0,19.0,14.0,13.0
Music teacher,17.0,18.0,13.0,7.0,10.0,19.0,11.0,14.0
Music teacher,18.0,19.0,14.0,8.0,5.0,19.0,12.0,11.0
Music teacher,19.0,20.0,14.0,9.0,6.0,19.0,13.0,12.0
Music teacher,20.0,20.0,13.0,10.0,8.0,19.0,14.0,13.0
Music teacher,15.0,17.0,12.0,5.0,9.0,19.0,11.0,14.0
Music teacher,15.0,18.0,11.0,6.0,10.0,19.0,12.0,11.0
Music teacher,17.0,19.0,11.0,7.0,5.0,19.0,13.0,12.0
Music teacher,18.0,20.0,12.0,8.0,6.0,19.0,14.0,13.0
Music teacher,19.0,19.0,13.0,9.0,8.0,19.0,11.0,14.0
Music teacher,20.0,20.0,14.0,10.0,9.0,19.0,12.0,11.0
Music teacher,15.0,20.0,14.0,5.0,10.0,19.0,13.0,12.0
Music teacher,16.0,20.0,13.0,6.0,5.0,19.0,14.0,13.0
Music teacher,17.0,17.0,12.0,7.0,6.0,19.0,11.0,14.0
Music teacher,18.0,18.0,11.0,8.0,8.0,19.0,12.0,11.0
Music teacher,19.0,19.0,11.0,9.0,9.0,19.0,13.0,12.0
Music teacher,20.0,20.0,12.0,10.0,10.0,19.0,14.0,13.0
Music teacher,17.0,17.0,13.0,5.0,5.0,19.0,11.0,14.0
Music teacher,18.0,18.0,14.0,6.0,6.0,19.0,12.0,11.0
Music teacher,19.0,19.0,14.0,7.0,8.0,19.0,13.0,12.0
Music teacher,20.0,20.0,13.0,8.0,9.0,19.0,14.0,13.0
Music teacher,15.0,17.0,12.0,9.0,10.0,19.0,11.0,14.0
Music teacher,15.0,18.0,11.0,10.0,5.0,19.0,12.0,11.0
Music teacher,16.0,19.0,11.0,5.0,6.0,19.0,13.0,12.0
Music teacher,17.0,20.0,12.0,6.0,8.0,17.0,14.0,13.0
Music teacher,17.0,17.0,13.0,7.0,9.0,18.0,11.0,14.0
Music teacher,18.0,18.0,14.0,8.0,10.0,19.0,12.0,11.0
Music teacher,19.0,19.0,14.0,9.0,5.0,20.0,13.0,12.0
Music teacher,20.0,20.0,13.0,10.0,6.0,19.0,14.0,13.0
Music teacher,19.0,20.0,12.0,5.0,8.0,17.0,11.0,14.0
Music teacher,20.0,20.0,11.0,6.0,9.0,18.0,12.0,11.0
Music teacher,17.0,20.0,11.0,7.0,10.0,19.0,13.0,12.0
Music teacher,18.0,17.0,12.0,8.0,5.0,20.0,14.0,13.0
Music teacher,19.0,18.0,13.0,9.0,6.0,19.0,11.0,14.0
Music teacher,20.0,19.0,14.0,10.0,8.0,17.0,12.0,11.0
Music teacher,19.0,20.0,14.0,5.0,9.0,18.0,13.0,12.0
Music teacher,20.0,19.0,13.0,6.0,10.0,19.0,14.0,13.0
Music teacher,17.0,17.0,12.0,7.0,5.0,20.0,11.0,14.0
Music teacher,18.0,18.0,11.0,8.0,6.0,19.0,12.0,11.0
Music teacher,19.0,19.0,11.0,9.0,8.0,17.0,13.0,12.0
Music teacher,20.0,20.0,12.0,5.0,9.0,18.0,14.0,13.0
Music teacher,19.0,19.0,13.0,6.0,10.0,19.0,11.0,14.0
Music teacher,20.0,17.0,14.0,7.0,5.0,20.0,12.0,11.0
Music teacher,17.0,18.0,14.0,8.0,6.0,19.0,13.0,12.0
Music teacher,18.0,19.0,13.0,9.0,8.0,17.0,14.0,13.0
Music teacher,19.0,19.0,12.0,10.0,9.0,18.0,11.0,14.0
Music teacher,20.0,20.0,11.0,6.0,10.0,19.0,12.0,11.0
Music teacher,17.0,16.0,13.0,7.0,5.0,20.0,11.0,12.0
Music teacher,15.0,18.0,14.0,8.0,6.0,16.0,13.0,14.0
Actuary,11.0,18.0,11.0,19.0,5.0,18.0,20.0,5.0
Actuary,13.0,19.0,13.0,17.0,6.0,19.0,18.0,6.0
Actuary,12.0,20.0,12.0,18.0,7.0,20.0,19.0,7.0
Actuary,14.0,19.0,14.0,19.0,8.0,17.0,20.0,8.0
Actuary,11.0,17.0,11.0,20.0,9.0,18.0,17.0,9.0
Actuary,13.0,18.0,13.0,19.0,10.0,18.0,18.0,10.0
Actuary,11.0,19.0,12.0,17.0,5.0,19.0,18.0,5.0
Actuary,13.0,20.0,14.0,18.0,6.0,20.0,19.0,6.0
Actuary,12.0,19.0,11.0,19.0,7.0,17.0,20.0,7.0
Actuary,14.0,17.0,13.0,20.0,8.0,18.0,17.0,8.0
Actuary,11.0,18.0,12.0,19.0,9.0,18.0,18.0,9.0
Actuary,13.0,19.0,14.0,17.0,10.0,19.0,18.0,10.0
Actuary,11.0,18.0,11.0,18.0,5.0,20.0,19.0,5.0
Actuary,13.0,19.0,13.0,19.0,6.0,17.0,20.0,6.0
Actuary,12.0,20.0,12.0,17.0,7.0,18.0,17.0,7.0
Actuary,14.0,19.0,14.0,18.0,8.0,18.0,18.0,8.0
Actuary,11.0,17.0,11.0,19.0,9.0,19.0,18.0,9.0
Actuary,13.0,18.0,13.0,20.0,10.0,20.0,19.0,10.0
Actuary,11.0,19.0,12.0,19.0,5.0,17.0,20.0,5.0
Actuary,13.0,20.0,14.0,17.0,6.0,19.0,17.0,6.0
Actuary,12.0,19.0,11.0,18.0,7.0,17.0,18.0,7.0
Actuary,14.0,17.0,13.0,19.0,8.0,16.0,18.0,8.0
Actuary,11.0,18.0,12.0,20.0,9.0,19.0,19.0,9.0
Actuary,13.0,19.0,14.0,19.0,10.0,17.0,20.0,10.0
Actuary,11.0,18.0,11.0,17.0,5.0,16.0,17.0,5.0
Actuary,13.0,19.0,13.0,18.0,6.0,19.0,18.0,6.0
Actuary,12.0,20.0,12.0,19.0,7.0,17.0,18.0,7.0
Actuary,14.0,19.0,14.0,17.0,8.0,16.0,19.0,8.0
Actuary,11.0,17.0,11.0,18.0,9.0,18.0,20.0,9.0
Actuary,13.0,18.0,13.0,19.0,10.0,19.0,17.0,10.0
Actuary,11.0,19.0,12.0,20.0,5.0,17.0,18.0,5.0
Actuary,13.0,20.0,14.0,19.0,6.0,16.0,18.0,6.0
Actuary,12.0,19.0,11.0,17.0,7.0,19.0,19.0,7.0
Actuary,14.0,17.0,13.0,18.0,8.0,17.0,20.0,8.0
Actuary,11.0,18.0,12.0,19.0,9.0,16.0,17.0,9.0
Actuary,13.0,19.0,14.0,20.0,10.0,18.0,18.0,10.0
Actuary,11.0,18.0,11.0,19.0,5.0,18.0,19.0,5.0
Actuary,13.0,19.0,13.0,17.0,6.0,18.0,19.0,6.0
Actuary,12.0,20.0,12.0,18.0,7.0,19.0,19.0,7.0
Actuary,14.0,19.0,14.0,19.0,8.0,20.0,19.0,8.0
Actuary,11.0,17.0,11.0,17.0,9.0,17.0,19.0,9.0
Actuary,13.0,18.0,13.0,18.0,5.0,18.0,19.0,5.0
Actuary,11.0,19.0,12.0,19.0,6.0,18.0,19.0,6.0
Actuary,13.0,20.0,14.0,20.0,7.0,19.0,19.0,7.0
Actuary,12.0,19.0,11.0,19.0,8.0,20.0,19.0,8.0
Actuary,14.0,17.0,13.0,17.0,9.0,17.0,17.0,9.0
Actuary,11.0,18.0,12.0,18.0,10.0,19.0,16.0,10.0
Actuary,13.0,19.0,14.0,19.0,6.0,17.0,19.0,6.0
Actuary,14.0,15.0,13.0,20.0,7.0,16.0,17.0,7.0
Actuary,11.0,17.0,14.0,19.0,8.0,18.0,16.0,8.0
Chartered Accountant,12.0,5.0,12.0,18.0,7.0,19.0,13.0,5.0
Chartered Accountant,13.0,6.0,13.0,16.0,7.0,17.0,13.0,5.0
Chartered Accountant,14.0,7.0,14.0,17.0,7.0,16.0,13.0,6.0
Chartered Accountant,11.0,8.0,11.0,18.0,7.0,17.0,13.0,6.0
Chartered Accountant,14.0,9.0,14.0,19.0,7.0,19.0,13.0,5.0
Chartered Accountant,12.0,10.0,12.0,20.0,8.0,17.0,13.0,5.0
Chartered Accountant,13.0,5.0,13.0,15.0,7.0,16.0,13.0,6.0
Chartered Accountant,12.0,6.0,14.0,16.0,7.0,19.0,13.0,6.0
Chartered Accountant,13.0,7.0,14.0,17.0,9.0,17.0,13.0,5.0
Chartered Accountant,14.0,8.0,11.0,18.0,7.0,16.0,13.0,5.0
Chartered Accountant,11.0,9.0,14.0,19.0,7.0,17.0,13.0,6.0
Chartered Accountant,14.0,10.0,12.0,20.0,7.0,19.0,13.0,6.0
Chartered Accountant,12.0,5.0,13.0,15.0,5.0,17.0,13.0,5.0
Chartered Accountant,13.0,6.0,12.0,16.0,6.0,19.0,13.0,5.0
Chartered Accountant,12.0,7.0,14.0,17.0,7.0,17.0,13.0,6.0
Chartered Accountant,13.0,8.0,11.0,18.0,8.0,16.0,13.0,6.0
Chartered Accountant,14.0,9.0,14.0,19.0,7.0,17.0,13.0,5.0
Chartered Accountant,11.0,10.0,12.0,20.0,7.0,19.0,13.0,5.0
Chartered Accountant,14.0,5.0,13.0,15.0,9.0,17.0,13.0,6.0
Chartered Accountant,12.0,6.0,12.0,16.0,7.0,19.0,13.0,6.0
Chartered Accountant,13.0,7.0,14.0,17.0,7.0,17.0,13.0,5.0
Chartered Accountant,12.0,8.0,11.0,18.0,10.0,16.0,13.0,5.0
Chartered Accountant,13.0,9.0,14.0,19.0,7.0,17.0,13.0,6.0
Chartered Accountant,14.0,10.0,12.0,20.0,7.0,19.0,13.0,6.0
Chartered Accountant,11.0,5.0,13.0,15.0,8.0,17.0,13.0,5.0
Chartered Accountant,14.0,6.0,12.0,16.0,7.0,19.0,12.0,5.0
Chartered Accountant,12.0,7.0,14.0,17.0,7.0,17.0,12.0,6.0
Chartered Accountant,13.0,8.0,11.0,18.0,9.0,16.0,12.0,6.0
Chartered Accountant,12.0,9.0,14.0,19.0,7.0,17.0,12.0,5.0
Chartered Accountant,13.0,10.0,12.0,20.0,8.0,19.0,12.0,5.0
Chartered Accountant,14.0,5.0,13.0,15.0,7.0,17.0,12.0,6.0
Chartered Accountant,11.0,6.0,12.0,16.0,7.0,19.0,12.0,6.0
Chartered Accountant,14.0,7.0,14.0,17.0,9.0,17.0,12.0,5.0
Chartered Accountant,12.0,8.0,11.0,18.0,7.0,16.0,12.0,5.0
Chartered Accountant,13.0,9.0,14.0,19.0,7.0,17.0,12.0,6.0
Chartered Accountant,12.0,10.0,12.0,20.0,7.0,19.0,12.0,6.0
Chartered Accountant,13.0,5.0,13.0,15.0,8.0,17.0,12.0,5.0
Chartered Accountant,14.0,6.0,12.0,16.0,7.0,19.0,12.0,5.0
Chartered Accountant,11.0,7.0,14.0,17.0,7.0,17.0,12.0,6.0
Chartered Accountant,14.0,8.0,11.0,18.0,9.0,16.0,12.0,6.0
Chartered Accountant,12.0,9.0,14.0,19.0,7.0,17.0,12.0,5.0
Chartered Accountant,13.0,5.0,12.0,20.0,7.0,19.0,12.0,5.0
Chartered Accountant,12.0,6.0,13.0,15.0,8.0,17.0,12.0,6.0
Chartered Accountant,13.0,7.0,12.0,16.0,7.0,19.0,12.0,6.0
Chartered Accountant,14.0,8.0,14.0,17.0,7.0,17.0,12.0,5.0
Chartered Accountant,11.0,9.0,11.0,18.0,9.0,16.0,12.0,5.0
Chartered Accountant,14.0,10.0,14.0,19.0,7.0,17.0,12.0,6.0
Chartered Accountant,12.0,6.0,12.0,20.0,7.0,19.0,12.0,6.0
Chartered Accountant,13.0,7.0,13.0,19.0,6.0,17.0,12.0,7.0
Chartered Accountant,14.0,8.0,12.0,20.0,5.0,18.0,12.0,7.0
Computer analyst,15.0,7.0,12.0,15.0,6.0,11.0,20.0,6.0
Computer analyst,16.0,6.0,13.0,16.0,5.0,11.0,15.0,6.0
Computer analyst,17.0,5.0,14.0,17.0,7.0,11.0,16.0,5.0
Computer analyst,18.0,7.0,11.0,18.0,6.0,11.0,17.0,5.0
Computer analyst,19.0,6.0,14.0,19.0,6.0,11.0,18.0,6.0
Computer analyst,20.0,5.0,12.0,20.0,5.0,11.0,19.0,6.0
Computer analyst,15.0,8.0,13.0,15.0,7.0,11.0,20.0,5.0
Computer analyst,16.0,7.0,12.0,16.0,6.0,11.0,15.0,5.0
Computer analyst,17.0,6.0,13.0,17.0,6.0,11.0,16.0,6.0
Computer analyst,18.0,5.0,14.0,18.0,5.0,11.0,17.0,6.0
Computer analyst,19.0,8.0,11.0,19.0,7.0,11.0,18.0,5.0
Computer analyst,20.0,7.0,14.0,20.0,6.0,11.0,19.0,6.0
Computer analyst,15.0,6.0,12.0,15.0,6.0,11.0,20.0,6.0
Computer analyst,16.0,5.0,13.0,16.0,5.0,12.0,15.0,5.0
Computer analyst,17.0,8.0,12.0,17.0,7.0,12.0,16.0,5.0
Computer analyst,18.0,7.0,13.0,18.0,6.0,12.0,17.0,6.0
Computer analyst,19.0,6.0,14.0,19.0,6.0,12.0,18.0,6.0
Computer analyst,20.0,5.0,11.0,20.0,5.0,12.0,19.0,5.0
Computer analyst,15.0,8.0,14.0,15.0,7.0,12.0,20.0,5.0
Computer analyst,16.0,7.0,12.0,16.0,6.0,12.0,15.0,6.0
Computer analyst,17.0,6.0,13.0,17.0,6.0,12.0,16.0,6.0
Computer analyst,18.0,5.0,12.0,18.0,5.0,12.0,17.0,5.0
Computer analyst,19.0,8.0,13.0,19.0,7.0,12.0,18.0,6.0
Computer analyst,20.0,7.0,14.0,20.0,6.0,12.0,19.0,6.0
Computer analyst,15.0,6.0,11.0,16.0,6.0,12.0,20.0,5.0
Computer analyst,16.0,5.0,14.0,15.0,5.0,12.0,15.0,5.0
Computer analyst,17.0,8.0,12.0,16.0,7.0,13.0,16.0,6.0
Computer analyst,18.0,7.0,13.0,17.0,6.0,13.0,17.0,6.0
Computer analyst,19.0,8.0,12.0,18.0,6.0,13.0,18.0,5.0
Computer analyst,20.0,9.0,13.0,19.0,5.0,13.0,19.0,5.0
Computer analyst,15.0,10.0,14.0,20.0,7.0,13.0,20.0,6.0
Computer analyst,16.0,5.0,11.0,15.0,6.0,13.0,15.0,6.0
Computer analyst,17.0,6.0,14.0,16.0,6.0,13.0,16.0,5.0
Computer analyst,18.0,7.0,12.0,17.0,5.0,13.0,17.0,6.0
Computer analyst,19.0,8.0,13.0,18.0,7.0,13.0,18.0,6.0
Computer analyst,20.0,9.0,12.0,19.0,6.0,13.0,19.0,5.0
Computer analyst,15.0,10.0,13.0,20.0,6.0,13.0,20.0,5.0
Computer analyst,16.0,5.0,14.0,15.0,5.0,13.0,15.0,6.0
Computer analyst,17.0,6.0,11.0,16.0,7.0,14.0,16.0,6.0
Computer analyst,18.0,7.0,14.0,17.0,6.0,14.0,17.0,5.0
Computer analyst,19.0,8.0,12.0,18.0,6.0,14.0,18.0,5.0
Computer analyst,20.0,9.0,13.0,19.0,5.0,14.0,19.0,6.0
Computer analyst,15.0,10.0,12.0,20.0,7.0,14.0,20.0,6.0
Computer analyst,16.0,5.0,13.0,15.0,6.0,14.0,15.0,5.0
Computer analyst,17.0,6.0,14.0,16.0,6.0,14.0,16.0,7.0
Computer analyst,18.0,7.0,11.0,17.0,5.0,14.0,17.0,7.0
Computer analyst,19.0,8.0,14.0,18.0,7.0,14.0,18.0,6.0
Computer analyst,20.0,9.0,12.0,19.0,6.0,14.0,19.0,5.0
Computer analyst,16.0,10.0,13.0,20.0,7.0,14.0,20.0,7.0
Computer analyst,17.0,8.0,14.0,17.0,9.0,14.0,16.0,7.0
Computer programmer,19.0,8.0,8.0,15.0,5.0,13.0,11.0,10.0
Computer programmer,20.0,5.0,9.0,16.0,6.0,13.0,12.0,5.0
Computer programmer,18.0,6.0,10.0,17.0,7.0,13.0,13.0,6.0
Computer programmer,17.0,5.0,5.0,18.0,8.0,13.0,14.0,7.0
Computer programmer,15.0,6.0,6.0,19.0,9.0,13.0,14.0,8.0
Computer programmer,20.0,5.0,7.0,20.0,5.0,13.0,13.0,9.0
Computer programmer,19.0,6.0,8.0,15.0,6.0,13.0,12.0,10.0
Computer programmer,18.0,5.0,9.0,16.0,7.0,13.0,12.0,5.0
Computer programmer,17.0,6.0,10.0,17.0,8.0,13.0,11.0,6.0
Computer programmer,19.0,5.0,8.0,18.0,9.0,13.0,11.0,7.0
Computer programmer,20.0,6.0,9.0,19.0,5.0,13.0,12.0,8.0
Computer programmer,18.0,5.0,10.0,20.0,6.0,13.0,13.0,9.0
Computer programmer,17.0,6.0,5.0,15.0,7.0,13.0,14.0,10.0
Computer programmer,15.0,5.0,6.0,16.0,8.0,12.0,14.0,5.0
Computer programmer,20.0,6.0,7.0,17.0,9.0,12.0,13.0,6.0
Computer programmer,19.0,5.0,8.0,18.0,5.0,12.0,12.0,7.0
Computer programmer,18.0,6.0,9.0,19.0,6.0,12.0,12.0,8.0
Computer programmer,17.0,5.0,10.0,20.0,7.0,12.0,11.0,9.0
Computer programmer,19.0,6.0,8.0,15.0,8.0,12.0,11.0,10.0
Computer programmer,20.0,5.0,9.0,16.0,9.0,12.0,12.0,5.0
Computer programmer,18.0,6.0,10.0,17.0,5.0,12.0,13.0,6.0
Computer programmer,17.0,5.0,5.0,18.0,6.0,12.0,14.0,7.0
Computer programmer,15.0,6.0,6.0,19.0,7.0,12.0,14.0,8.0
Computer programmer,20.0,5.0,7.0,20.0,8.0,12.0,13.0,9.0
Computer programmer,19.0,6.0,8.0,15.0,9.0,12.0,12.0,10.0
Computer programmer,18.0,5.0,9.0,16.0,5.0,12.0,12.0,5.0
Computer programmer,17.0,6.0,10.0,17.0,6.0,12.0,11.0,6.0
Computer programmer,16.0,5.0,8.0,18.0,7.0,11.0,11.0,7.0
Computer programmer,15.0,6.0,9.0,19.0,8.0,11.0,12.0,8.0
Computer programmer,19.0,5.0,10.0,20.0,9.0,11.0,13.0,9.0
Computer programmer,18.0,6.0,5.0,15.0,5.0,11.0,14.0,10.0
Computer programmer,17.0,5.0,6.0,16.0,6.0,11.0,14.0,5.0
Computer programmer,16.0,6.0,7.0,17.0,7.0,11.0,13.0,6.0
Computer programmer,15.0,5.0,8.0,18.0,8.0,11.0,12.0,7.0
Computer programmer,19.0,6.0,9.0,19.0,9.0,11.0,12.0,8.0
Computer programmer,18.0,5.0,10.0,20.0,5.0,11.0,11.0,9.0
Computer programmer,17.0,6.0,8.0,15.0,6.0,11.0,11.0,10.0
Computer programmer,16.0,5.0,9.0,16.0,7.0,11.0,12.0,5.0
Computer programmer,15.0,6.0,10.0,17.0,8.0,11.0,13.0,6.0
Computer programmer,19.0,5.0,5.0,18.0,9.0,13.0,14.0,7.0
Computer programmer,18.0,6.0,6.0,19.0,5.0,13.0,14.0,8.0
Computer programmer,17.0,5.0,7.0,20.0,6.0,13.0,13.0,9.0
Computer programmer,16.0,6.0,8.0,15.0,7.0,13.0,12.0,10.0
Computer programmer,15.0,5.0,9.0,16.0,8.0,13.0,12.0,5.0
Computer programmer,19.0,6.0,10.0,17.0,9.0,13.0,11.0,6.0
Computer programmer,18.0,5.0,6.0,18.0,5.0,13.0,11.0,7.0
Computer programmer,17.0,6.0,7.0,19.0,6.0,13.0,11.0,8.0
Computer programmer,16.0,5.0,8.0,20.0,7.0,13.0,11.0,9.0
Computer programmer,15.0,6.0,9.0,16.0,8.0,13.0,11.0,8.0
Computer programmer,19.0,7.0,10.0,17.0,9.0,13.0,11.0,9.0
Database designer,13.0,5.0,9.0,15.0,9.0,15.0,6.0,14.0
Database designer,12.0,6.0,9.0,15.0,9.0,16.0,6.0,14.0
Database designer,12.0,7.0,9.0,16.0,9.0,17.0,6.0,14.0
Database designer,12.0,8.0,9.0,16.0,9.0,20.0,6.0,14.0
Database designer,12.0,9.0,9.0,17.0,9.0,15.0,6.0,14.0
Database designer,12.0,10.0,9.0,17.0,9.0,17.0,6.0,14.0
Database designer,12.0,5.0,9.0,18.0,9.0,16.0,6.0,14.0
Database designer,12.0,6.0,9.0,18.0,9.0,15.0,6.0,14.0
Database designer,12.0,7.0,9.0,19.0,9.0,16.0,6.0,14.0
Database designer,12.0,8.0,9.0,19.0,9.0,17.0,9.0,14.0
Database designer,12.0,9.0,8.0,20.0,9.0,20.0,8.0,14.0
Database designer,12.0,10.0,8.0,20.0,9.0,15.0,8.0,14.0
Database designer,12.0,5.0,8.0,15.0,9.0,17.0,8.0,14.0
Database designer,12.0,6.0,8.0,15.0,9.0,16.0,8.0,14.0
Database designer,12.0,7.0,8.0,16.0,9.0,15.0,8.0,14.0
Database designer,11.0,8.0,6.0,16.0,9.0,16.0,6.0,14.0
Database designer,11.0,9.0,6.0,17.0,9.0,17.0,6.0,14.0
Database designer,11.0,10.0,6.0,17.0,8.0,20.0,6.0,14.0
Database designer,11.0,5.0,6.0,18.0,8.0,15.0,6.0,14.0
Database designer,11.0,6.0,6.0,18.0,8.0,17.0,6.0,14.0
Database designer,11.0,7.0,6.0,19.0,8.0,16.0,6.0,14.0
Database designer,11.0,8.0,6.0,19.0,8.0,15.0,6.0,14.0
Database designer,11.0,9.0,6.0,20.0,8.0,16.0,6.0,14.0
Database designer,11.0,10.0,5.0,20.0,8.0,17.0,5.0,14.0
Database designer,11.0,5.0,5.0,15.0,8.0,20.0,5.0,14.0
Database designer,11.0,6.0,5.0,15.0,8.0,15.0,5.0,14.0
Database designer,11.0,7.0,5.0,16.0,8.0,17.0,9.0,14.0
Database designer,13.0,8.0,5.0,16.0,8.0,16.0,8.0,14.0
Database designer,13.0,9.0,5.0,17.0,8.0,16.0,8.0,14.0
Database designer,13.0,10.0,10.0,17.0,8.0,15.0,8.0,14.0
Database designer,13.0,5.0,10.0,18.0,8.0,16.0,8.0,14.0
Database designer,13.0,6.0,10.0,18.0,8.0,17.0,8.0,14.0
Database designer,13.0,7.0,10.0,19.0,8.0,20.0,6.0,14.0
Database designer,13.0,8.0,10.0,19.0,8.0,15.0,6.0,14.0
Database designer,13.0,9.0,10.0,20.0,8.0,17.0,6.0,14.0
Database designer,13.0,10.0,10.0,20.0,8.0,16.0,6.0,14.0
Database designer,13.0,5.0,10.0,15.0,8.0,16.0,6.0,14.0
Database designer,13.0,6.0,5.0,15.0,8.0,15.0,6.0,14.0
Database designer,11.0,7.0,5.0,16.0,8.0,16.0,6.0,14.0
Database designer,12.0,8.0,6.0,16.0,8.0,17.0,6.0,14.0
Database designer,13.0,9.0,6.0,17.0,8.0,20.0,5.0,14.0
Database designer,14.0,10.0,7.0,17.0,7.0,15.0,5.0,14.0
Database designer,14.0,5.0,7.0,18.0,7.0,16.0,5.0,14.0
Database designer,13.0,6.0,5.0,18.0,7.0,15.0,6.0,14.0
Database designer,12.0,7.0,5.0,19.0,7.0,16.0,7.0,14.0
Database designer,11.0,8.0,6.0,19.0,7.0,17.0,5.0,14.0
Database designer,14.0,9.0,6.0,20.0,7.0,20.0,5.0,14.0
Database designer,13.0,10.0,7.0,20.0,7.0,15.0,5.0,14.0
Database designer,12.0,10.0,7.0,15.0,7.0,17.0,6.0,14.0
Database designer,11.0,9.0,6.0,16.0,7.0,16.0,7.0,14.0
Economist,14.0,13.0,5.0,15.0,7.0,16.0,16.0,8.0
Economist,12.0,12.0,6.0,15.0,5.0,20.0,15.0,9.0
Economist,11.0,11.0,7.0,15.0,6.0,19.0,16.0,10.0
Economist,13.0,11.0,8.0,15.0,7.0,15.0,17.0,5.0
Economist,12.0,13.0,9.0,15.0,5.0,17.0,20.0,6.0
Economist,11.0,13.0,10.0,15.0,5.0,16.0,16.0,7.0
Economist,11.0,12.0,5.0,15.0,6.0,20.0,15.0,8.0
Economist,13.0,11.0,6.0,15.0,7.0,19.0,16.0,9.0
Economist,12.0,11.0,7.0,15.0,5.0,15.0,17.0,10.0
Economist,14.0,13.0,8.0,15.0,5.0,17.0,20.0,5.0
Economist,14.0,13.0,9.0,15.0,6.0,16.0,16.0,6.0
Economist,12.0,12.0,10.0,15.0,7.0,20.0,15.0,7.0
Economist,11.0,11.0,5.0,15.0,5.0,19.0,16.0,8.0
Economist,13.0,11.0,6.0,15.0,5.0,15.0,17.0,9.0
Economist,12.0,13.0,7.0,16.0,6.0,17.0,20.0,10.0
Economist,11.0,13.0,8.0,16.0,7.0,16.0,16.0,5.0
Economist,11.0,12.0,9.0,17.0,5.0,20.0,15.0,6.0
Economist,13.0,11.0,10.0,17.0,5.0,19.0,16.0,7.0
Economist,12.0,11.0,5.0,18.0,6.0,15.0,17.0,8.0
Economist,14.0,13.0,6.0,18.0,7.0,17.0,16.0,9.0
Economist,14.0,13.0,7.0,15.0,5.0,16.0,15.0,10.0
Economist,12.0,12.0,8.0,15.0,5.0,20.0,16.0,5.0
Economist,11.0,11.0,9.0,16.0,6.0,19.0,17.0,6.0
Economist,13.0,11.0,10.0,16.0,7.0,15.0,20.0,7.0
Economist,12.0,13.0,5.0,17.0,5.0,17.0,16.0,8.0
Economist,11.0,13.0,6.0,17.0,5.0,16.0,15.0,9.0
Economist,11.0,12.0,7.0,18.0,6.0,20.0,16.0,10.0
Economist,13.0,11.0,8.0,18.0,7.0,19.0,17.0,5.0
Economist,12.0,11.0,9.0,15.0,5.0,15.0,20.0,6.0
Economist,14.0,13.0,10.0,15.0,5.0,17.0,16.0,7.0
Economist,14.0,13.0,5.0,16.0,6.0,16.0,15.0,8.0
Economist,12.0,12.0,6.0,16.0,7.0,20.0,16.0,9.0
Economist,11.0,11.0,7.0,17.0,5.0,19.0,17.0,10.0
Economist,13.0,11.0,8.0,17.0,5.0,15.0,20.0,5.0
Economist,12.0,13.0,9.0,18.0,6.0,17.0,16.0,6.0
Economist,11.0,13.0,10.0,18.0,7.0,16.0,15.0,7.0
Economist,11.0,12.0,5.0,15.0,5.0,20.0,16.0,8.0
Economist,13.0,11.0,6.0,15.0,5.0,19.0,17.0,9.0
Economist,12.0,11.0,7.0,16.0,6.0,15.0,20.0,10.0
Economist,14.0,13.0,8.0,16.0,7.0,17.0,16.0,5.0
Economist,14.0,13.0,9.0,17.0,5.0,16.0,15.0,6.0
Economist,12.0,12.0,10.0,17.0,5.0,20.0,16.0,7.0
Economist,11.0,11.0,5.0,18.0,6.0,19.0,17.0,8.0
Economist,13.0,11.0,6.0,18.0,7.0,15.0,20.0,9.0
Economist,12.0,13.0,7.0,16.0,5.0,17.0,16.0,10.0
Economist,11.0,13.0,8.0,17.0,5.0,16.0,15.0,5.0
Economist,11.0,12.0,9.0,17.0,6.0,20.0,16.0,6.0
Economist,13.0,11.0,10.0,18.0,7.0,19.0,17.0,7.0
Economist,12.0,11.0,5.0,18.0,5.0,15.0,20.0,10.0
Economist,14.0,13.0,7.0,19.0,7.0,17.0,17.0,8.0
Librarian,11.0,5.0,16.0,20.0,12.0,13.0,17.0,6.0
Librarian,12.0,5.0,20.0,19.0,11.0,13.0,17.0,5.0
Librarian,13.0,6.0,19.0,15.0,11.0,13.0,17.0,6.0
Librarian,14.0,5.0,15.0,17.0,13.0,13.0,17.0,6.0
Librarian,13.0,5.0,17.0,16.0,13.0,13.0,17.0,7.0
Librarian,12.0,5.0,16.0,20.0,12.0,13.0,17.0,8.0
Librarian,11.0,6.0,20.0,19.0,12.0,13.0,17.0,6.0
Librarian,11.0,5.0,19.0,15.0,11.0,13.0,17.0,9.0
Librarian,12.0,7.0,15.0,17.0,11.0,13.0,17.0,6.0
Librarian,13.0,9.0,17.0,16.0,13.0,13.0,17.0,10.0
Librarian,14.0,10.0,16.0,20.0,13.0,13.0,17.0,6.0
Librarian,13.0,5.0,20.0,19.0,12.0,13.0,17.0,6.0
Librarian,12.0,6.0,19.0,15.0,12.0,13.0,17.0,6.0
Librarian,11.0,5.0,15.0,17.0,11.0,13.0,17.0,6.0
Librarian,11.0,7.0,17.0,16.0,11.0,13.0,17.0,6.0
Librarian,12.0,9.0,16.0,20.0,13.0,13.0,17.0,6.0
Librarian,13.0,10.0,20.0,19.0,13.0,13.0,17.0,6.0
Librarian,14.0,5.0,19.0,15.0,12.0,13.0,17.0,6.0
Librarian,13.0,5.0,15.0,17.0,12.0,13.0,17.0,6.0
Librarian,12.0,6.0,17.0,16.0,11.0,13.0,17.0,6.0
Librarian,11.0,5.0,16.0,20.0,11.0,14.0,17.0,10.0
Librarian,11.0,7.0,20.0,19.0,13.0,14.0,17.0,10.0
Librarian,12.0,9.0,19.0,15.0,13.0,14.0,17.0,10.0
Librarian,13.0,10.0,15.0,17.0,12.0,14.0,16.0,10.0
Librarian,14.0,7.0,17.0,16.0,12.0,14.0,16.0,10.0
Librarian,13.0,7.0,16.0,20.0,11.0,14.0,16.0,10.0
Librarian,12.0,6.0,20.0,19.0,11.0,14.0,16.0,10.0
Librarian,11.0,5.0,19.0,15.0,13.0,14.0,16.0,10.0
Librarian,13.0,7.0,15.0,17.0,13.0,14.0,16.0,10.0
Librarian,11.0,9.0,17.0,16.0,12.0,14.0,16.0,10.0
Librarian,12.0,10.0,16.0,20.0,12.0,14.0,16.0,10.0
Librarian,13.0,7.0,20.0,19.0,11.0,14.0,16.0,10.0
Librarian,14.0,6.0,19.0,15.0,11.0,14.0,16.0,10.0
Librarian,13.0,5.0,15.0,17.0,13.0,14.0,16.0,10.0
Librarian,12.0,7.0,17.0,16.0,13.0,14.0,16.0,10.0
Librarian,11.0,9.0,16.0,20.0,12.0,14.0,16.0,10.0
Librarian,13.0,10.0,20.0,19.0,12.0,12.0,16.0,10.0
Librarian,11.0,9.0,19.0,15.0,11.0,12.0,16.0,10.0
Librarian,12.0,6.0,15.0,17.0,11.0,12.0,16.0,10.0
Librarian,13.0,5.0,17.0,16.0,13.0,12.0,16.0,8.0
Librarian,14.0,7.0,16.0,20.0,13.0,12.0,16.0,8.0
Librarian,13.0,9.0,20.0,19.0,12.0,12.0,16.0,8.0
Librarian,12.0,10.0,19.0,15.0,12.0,12.0,18.0,8.0
Librarian,11.0,7.0,15.0,17.0,11.0,12.0,18.0,8.0
Librarian,12.0,9.0,17.0,16.0,11.0,12.0,18.0,8.0
Librarian,13.0,10.0,16.0,20.0,13.0,12.0,18.0,8.0
Librarian,14.0,9.0,20.0,19.0,13.0,12.0,18.0,8.0
Librarian,13.0,9.0,19.0,15.0,12.0,12.0,18.0,8.0
Librarian,12.0,7.0,15.0,17.0,11.0,12.0,18.0,8.0
Librarian,11.0,7.0,17.0,16.0,11.0,12.0,18.0,8.0
Engineer,11.0,5.0,6.0,18.0,19.0,12.0,18.0,7.0
Engineer,12.0,5.0,6.0,17.0,19.0,12.0,19.0,0.0
Engineer,13.0,5.0,6.0,15.0,19.0,12.0,17.0,8.0
Engineer,14.0,5.0,6.0,19.0,19.0,12.0,15.0,8.0
Engineer,13.0,5.0,6.0,20.0,19.0,12.0,20.0,8.0
Engineer,12.0,5.0,6.0,18.0,19.0,12.0,20.0,8.0
Engineer,11.0,5.0,6.0,19.0,19.0,12.0,20.0,8.0
Engineer,11.0,6.0,5.0,17.0,19.0,12.0,20.0,8.0
Engineer,12.0,6.0,5.0,15.0,19.0,12.0,18.0,8.0
Engineer,13.0,6.0,5.0,18.0,19.0,12.0,19.0,8.0
Engineer,14.0,6.0,5.0,17.0,19.0,12.0,17.0,8.0
Engineer,13.0,6.0,5.0,15.0,19.0,12.0,15.0,8.0
Engineer,12.0,6.0,5.0,19.0,19.0,12.0,20.0,8.0
Engineer,11.0,6.0,5.0,20.0,19.0,12.0,20.0,8.0
Engineer,11.0,7.0,8.0,18.0,19.0,12.0,20.0,8.0
Engineer,12.0,7.0,8.0,19.0,19.0,12.0,20.0,8.0
Engineer,13.0,7.0,8.0,17.0,19.0,13.0,20.0,8.0
Engineer,14.0,7.0,8.0,15.0,19.0,14.0,20.0,8.0
Engineer,13.0,7.0,8.0,18.0,19.0,11.0,20.0,8.0
Engineer,12.0,7.0,8.0,17.0,19.0,12.0,18.0,8.0
Engineer,11.0,7.0,8.0,15.0,19.0,13.0,19.0,8.0
Engineer,11.0,7.0,8.0,19.0,19.0,14.0,17.0,7.0
Engineer,12.0,5.0,7.0,20.0,19.0,11.0,15.0,7.0
Engineer,13.0,6.0,7.0,18.0,19.0,12.0,20.0,7.0
Engineer,14.0,7.0,7.0,19.0,19.0,13.0,20.0,7.0
Engineer,13.0,8.0,7.0,17.0,20.0,14.0,20.0,7.0
Engineer,12.0,9.0,7.0,15.0,20.0,11.0,18.0,6.0
Engineer,11.0,10.0,7.0,18.0,20.0,12.0,19.0,7.0
Engineer,11.0,5.0,7.0,17.0,20.0,13.0,17.0,8.0
Engineer,12.0,6.0,7.0,15.0,20.0,14.0,15.0,9.0
Engineer,13.0,7.0,7.0,19.0,20.0,11.0,20.0,10.0
Engineer,14.0,8.0,7.0,20.0,20.0,12.0,20.0,5.0
Engineer,13.0,9.0,7.0,18.0,20.0,13.0,20.0,7.0
Engineer,12.0,10.0,8.0,19.0,20.0,14.0,20.0,7.0
Engineer,11.0,5.0,8.0,17.0,20.0,11.0,20.0,7.0
Engineer,11.0,6.0,8.0,15.0,20.0,12.0,20.0,7.0
Engineer,12.0,7.0,8.0,18.0,20.0,13.0,20.0,7.0
Engineer,13.0,8.0,8.0,17.0,20.0,14.0,18.0,7.0
Engineer,14.0,9.0,8.0,15.0,20.0,11.0,19.0,7.0
Engineer,13.0,10.0,8.0,19.0,20.0,12.0,17.0,7.0
Engineer,12.0,5.0,8.0,20.0,20.0,13.0,15.0,6.0
Engineer,11.0,6.0,9.0,18.0,20.0,14.0,20.0,7.0
Engineer,11.0,7.0,9.0,19.0,20.0,11.0,20.0,8.0
Engineer,12.0,8.0,9.0,17.0,16.0,12.0,20.0,9.0
Engineer,13.0,9.0,9.0,15.0,16.0,13.0,20.0,10.0
Engineer,14.0,10.0,9.0,16.0,16.0,14.0,20.0,5.0
Engineer,11.0,7.0,9.0,18.0,16.0,11.0,20.0,7.0
Engineer,12.0,8.0,9.0,19.0,16.0,13.0,20.0,9.0
Engineer,13.0,9.0,5.0,17.0,16.0,14.0,20.0,9.0
Engineer,14.0,10.0,7.0,15.0,16.0,11.0,20.0,9.0
Lawyer,20.0,5.0,14.0,19.0,7.0,17.0,16.0,5.0
Lawyer,19.0,5.0,14.0,19.0,7.0,17.0,16.0,5.0
Lawyer,18.0,5.0,13.0,19.0,7.0,17.0,16.0,5.0
Lawyer,17.0,5.0,13.0,19.0,7.0,17.0,16.0,6.0
Lawyer,16.0,5.0,11.0,19.0,7.0,17.0,16.0,7.0
Lawyer,15.0,5.0,12.0,19.0,7.0,17.0,16.0,8.0
Lawyer,20.0,5.0,14.0,19.0,7.0,17.0,16.0,9.0
Lawyer,19.0,5.0,14.0,19.0,7.0,17.0,16.0,10.0
Lawyer,18.0,5.0,13.0,19.0,7.0,17.0,16.0,5.0
Lawyer,17.0,5.0,13.0,19.0,6.0,17.0,16.0,5.0
Lawyer,16.0,5.0,11.0,19.0,7.0,17.0,16.0,5.0
Lawyer,15.0,5.0,12.0,19.0,8.0,17.0,16.0,5.0
Lawyer,20.0,5.0,14.0,19.0,9.0,17.0,16.0,6.0
Lawyer,19.0,5.0,14.0,19.0,10.0,17.0,16.0,7.0
Lawyer,18.0,5.0,13.0,19.0,5.0,17.0,16.0,8.0
Lawyer,17.0,5.0,13.0,19.0,7.0,17.0,16.0,9.0
Lawyer,16.0,5.0,11.0,19.0,8.0,16.0,16.0,10.0
Lawyer,15.0,5.0,12.0,19.0,8.0,16.0,16.0,5.0
Lawyer,20.0,5.0,14.0,19.0,8.0,16.0,16.0,7.0
Lawyer,19.0,5.0,14.0,19.0,8.0,16.0,16.0,7.0
Lawyer,18.0,5.0,13.0,19.0,8.0,16.0,16.0,7.0
Lawyer,17.0,6.0,13.0,19.0,8.0,16.0,16.0,7.0
Lawyer,16.0,6.0,11.0,19.0,8.0,16.0,16.0,7.0
Lawyer,15.0,6.0,12.0,19.0,6.0,16.0,16.0,7.0
Lawyer,20.0,6.0,14.0,19.0,7.0,16.0,16.0,7.0
Lawyer,19.0,6.0,14.0,19.0,8.0,16.0,16.0,7.0
Lawyer,18.0,6.0,13.0,19.0,9.0,16.0,16.0,7.0
Lawyer,17.0,6.0,13.0,19.0,10.0,16.0,16.0,7.0
Lawyer,16.0,6.0,11.0,19.0,5.0,16.0,16.0,7.0
Lawyer,15.0,6.0,12.0,19.0,8.0,16.0,16.0,7.0
Lawyer,20.0,6.0,14.0,19.0,8.0,16.0,16.0,7.0
Lawyer,19.0,6.0,14.0,19.0,8.0,16.0,16.0,8.0
Lawyer,18.0,6.0,13.0,19.0,8.0,15.0,16.0,8.0
Lawyer,17.0,6.0,13.0,19.0,6.0,15.0,16.0,8.0
Lawyer,16.0,6.0,11.0,19.0,7.0,15.0,16.0,8.0
Lawyer,15.0,6.0,12.0,19.0,8.0,15.0,16.0,8.0
Lawyer,20.0,6.0,14.0,19.0,9.0,15.0,16.0,8.0
Lawyer,19.0,6.0,14.0,19.0,10.0,15.0,16.0,8.0
Lawyer,18.0,7.0,13.0,19.0,5.0,15.0,16.0,8.0
Lawyer,17.0,8.0,13.0,19.0,9.0,15.0,16.0,8.0
Lawyer,16.0,9.0,11.0,19.0,9.0,15.0,16.0,8.0
Lawyer,15.0,10.0,12.0,19.0,9.0,15.0,16.0,8.0
Lawyer,20.0,5.0,14.0,19.0,9.0,15.0,16.0,8.0
Lawyer,19.0,6.0,14.0,19.0,9.0,15.0,16.0,8.0
Lawyer,18.0,7.0,13.0,19.0,9.0,19.0,16.0,6.0
Lawyer,17.0,7.0,13.0,19.0,9.0,19.0,16.0,7.0
Lawyer,16.0,7.0,11.0,19.0,9.0,19.0,16.0,8.0
Lawyer,15.0,7.0,12.0,19.0,9.0,19.0,16.0,9.0
Lawyer,16.0,7.0,12.0,19.0,9.0,19.0,16.0,10.0
Lawyer,17.0,7.0,12.0,19.0,9.0,19.0,16.0,5.0
Pharmacist,11.0,6.0,16.0,11.0,7.0,20.0,12.0,20.0
Pharmacist,14.0,7.0,15.0,11.0,6.0,19.0,12.0,19.0
Pharmacist,13.0,8.0,20.0,11.0,7.0,20.0,12.0,18.0
Pharmacist,11.0,9.0,19.0,12.0,8.0,19.0,12.0,17.0
Pharmacist,12.0,10.0,18.0,12.0,9.0,20.0,12.0,16.0
Pharmacist,13.0,6.0,17.0,13.0,10.0,19.0,12.0,15.0
Pharmacist,14.0,7.0,16.0,13.0,5.0,20.0,12.0,16.0
Pharmacist,12.0,8.0,15.0,11.0,7.0,19.0,12.0,17.0
Pharmacist,12.0,9.0,20.0,11.0,7.0,20.0,12.0,18.0
Pharmacist,11.0,10.0,19.0,11.0,7.0,19.0,12.0,19.0
Pharmacist,14.0,6.0,18.0,12.0,7.0,20.0,12.0,20.0
Pharmacist,13.0,7.0,17.0,12.0,7.0,19.0,12.0,20.0
Pharmacist,11.0,8.0,16.0,13.0,7.0,20.0,12.0,19.0
Pharmacist,12.0,9.0,15.0,13.0,7.0,19.0,12.0,18.0
Pharmacist,13.0,10.0,20.0,11.0,6.0,20.0,12.0,17.0
Pharmacist,14.0,6.0,19.0,11.0,6.0,19.0,12.0,16.0
Pharmacist,12.0,7.0,18.0,11.0,6.0,20.0,12.0,15.0
Pharmacist,12.0,8.0,17.0,12.0,7.0,19.0,12.0,16.0
Pharmacist,11.0,9.0,16.0,12.0,8.0,20.0,12.0,17.0
Pharmacist,14.0,10.0,15.0,13.0,9.0,19.0,12.0,18.0
Pharmacist,13.0,6.0,20.0,13.0,10.0,20.0,12.0,19.0
Pharmacist,11.0,7.0,19.0,11.0,5.0,19.0,13.0,20.0
Pharmacist,12.0,8.0,18.0,11.0,6.0,20.0,13.0,20.0
Pharmacist,13.0,9.0,17.0,11.0,6.0,19.0,13.0,19.0
Pharmacist,14.0,10.0,16.0,12.0,6.0,20.0,13.0,18.0
Pharmacist,12.0,6.0,15.0,12.0,5.0,19.0,13.0,17.0
Pharmacist,12.0,7.0,20.0,13.0,5.0,20.0,13.0,16.0
Pharmacist,11.0,8.0,19.0,13.0,5.0,19.0,13.0,15.0
Pharmacist,14.0,9.0,18.0,11.0,5.0,20.0,13.0,16.0
Pharmacist,13.0,10.0,17.0,11.0,5.0,19.0,13.0,17.0
Pharmacist,11.0,6.0,16.0,11.0,5.0,20.0,13.0,18.0
Pharmacist,12.0,7.0,15.0,12.0,5.0,19.0,13.0,19.0
Pharmacist,13.0,8.0,20.0,12.0,5.0,20.0,13.0,20.0
Pharmacist,14.0,9.0,19.0,13.0,5.0,19.0,13.0,20.0
Pharmacist,12.0,10.0,18.0,13.0,5.0,20.0,13.0,19.0
Pharmacist,12.0,6.0,17.0,11.0,5.0,19.0,14.0,18.0
Pharmacist,11.0,7.0,16.0,11.0,5.0,20.0,14.0,17.0
Pharmacist,14.0,8.0,15.0,11.0,5.0,19.0,14.0,16.0
Pharmacist,13.0,9.0,20.0,12.0,5.0,20.0,14.0,15.0
Pharmacist,11.0,10.0,19.0,12.0,5.0,19.0,14.0,16.0
Pharmacist,12.0,6.0,18.0,13.0,5.0,20.0,14.0,17.0
Pharmacist,13.0,7.0,17.0,13.0,5.0,19.0,14.0,18.0
Pharmacist,14.0,8.0,16.0,11.0,6.0,20.0,14.0,19.0
Pharmacist,12.0,9.0,15.0,11.0,7.0,19.0,14.0,20.0
Pharmacist,12.0,10.0,20.0,11.0,8.0,20.0,14.0,15.0
Pharmacist,11.0,6.0,19.0,12.0,9.0,19.0,14.0,16.0
Pharmacist,12.0,7.0,18.0,12.0,10.0,20.0,14.0,17.0
Pharmacist,13.0,8.0,17.0,13.0,5.0,19.0,14.0,18.0
Pharmacist,14.0,9.0,19.0,13.0,9.0,16.0,14.0,19.0
Pharmacist,12.0,10.0,15.0,14.0,9.0,17.0,14.0,16.0
Physician,12.0,6.0,18.0,20.0,5.0,20.0,11.0,11.0
Physician,13.0,7.0,18.0,19.0,6.0,19.0,12.0,12.0
Physician,14.0,8.0,18.0,18.0,7.0,20.0,13.0,13.0
Physician,11.0,9.0,18.0,17.0,8.0,19.0,14.0,14.0
Physician,12.0,10.0,18.0,16.0,9.0,20.0,12.0,11.0
Physician,13.0,5.0,18.0,15.0,5.0,19.0,11.0,12.0
Physician,14.0,7.0,18.0,20.0,6.0,20.0,12.0,13.0
Physician,11.0,8.0,18.0,19.0,7.0,19.0,13.0,14.0
Physician,12.0,9.0,18.0,18.0,8.0,20.0,14.0,11.0
Physician,13.0,10.0,18.0,17.0,9.0,19.0,11.0,12.0
Physician,14.0,5.0,18.0,16.0,5.0,20.0,12.0,13.0
Physician,11.0,5.0,18.0,15.0,6.0,19.0,13.0,14.0
Physician,12.0,5.0,18.0,20.0,7.0,20.0,14.0,11.0
Physician,13.0,5.0,18.0,19.0,8.0,19.0,12.0,12.0
Physician,14.0,5.0,18.0,18.0,9.0,20.0,11.0,13.0
Physician,11.0,6.0,18.0,17.0,5.0,19.0,12.0,14.0
Physician,12.0,7.0,18.0,16.0,6.0,20.0,13.0,11.0
Physician,13.0,8.0,18.0,15.0,7.0,19.0,14.0,12.0
Physician,14.0,9.0,18.0,20.0,8.0,20.0,11.0,13.0
Physician,11.0,10.0,18.0,19.0,9.0,19.0,12.0,14.0
Physician,12.0,5.0,18.0,18.0,5.0,20.0,13.0,11.0
Physician,13.0,5.0,17.0,17.0,6.0,19.0,14.0,12.0
Physician,14.0,5.0,17.0,16.0,7.0,20.0,12.0,13.0
Physician,11.0,5.0,17.0,15.0,8.0,19.0,11.0,14.0
Physician,12.0,5.0,17.0,20.0,9.0,20.0,12.0,11.0
Physician,13.0,5.0,17.0,19.0,5.0,19.0,13.0,12.0
Physician,14.0,6.0,17.0,18.0,6.0,20.0,14.0,13.0
Physician,11.0,7.0,17.0,17.0,7.0,19.0,11.0,14.0
Physician,12.0,8.0,17.0,16.0,8.0,20.0,12.0,11.0
Physician,13.0,9.0,17.0,15.0,9.0,19.0,13.0,12.0
Physician,14.0,10.0,17.0,20.0,5.0,20.0,14.0,13.0
Physician,11.0,5.0,17.0,19.0,6.0,19.0,12.0,14.0
Physician,12.0,5.0,17.0,18.0,7.0,20.0,11.0,11.0
Physician,13.0,5.0,17.0,17.0,8.0,19.0,12.0,12.0
Physician,14.0,5.0,17.0,16.0,9.0,20.0,13.0,13.0
Physician,11.0,5.0,17.0,15.0,5.0,19.0,14.0,14.0
Physician,12.0,5.0,17.0,20.0,6.0,20.0,11.0,11.0
Physician,13.0,5.0,17.0,19.0,7.0,19.0,12.0,12.0
Physician,14.0,5.0,16.0,18.0,8.0,20.0,13.0,13.0
Physician,11.0,5.0,16.0,17.0,9.0,19.0,14.0,14.0
Physician,12.0,5.0,16.0,16.0,5.0,20.0,12.0,11.0
Physician,13.0,5.0,16.0,15.0,6.0,19.0,11.0,12.0
Physician,14.0,5.0,16.0,20.0,7.0,20.0,12.0,13.0
Physician,11.0,6.0,16.0,19.0,8.0,19.0,13.0,14.0
Physician,12.0,7.0,16.0,18.0,9.0,20.0,14.0,11.0
Physician,13.0,8.0,16.0,17.0,5.0,19.0,12.0,12.0
Physician,14.0,9.0,16.0,16.0,6.0,20.0,11.0,13.0
Physician,11.0,10.0,16.0,15.0,7.0,19.0,12.0,14.0
Physician,13.0,5.0,16.0,17.0,8.0,16.0,13.0,12.0
Physician,14.0,5.0,16.0,18.0,9.0,17.0,14.0,13.0
Physicist,12.0,18.0,11.0,19.0,5.0,11.0,19.0,7.0
Physicist,13.0,19.0,11.0,19.0,6.0,11.0,18.0,6.0
Physicist,11.0,18.0,11.0,18.0,7.0,11.0,17.0,7.0
Physicist,14.0,17.0,11.0,17.0,8.0,11.0,16.0,8.0
Physicist,11.0,16.0,11.0,16.0,9.0,11.0,15.0,9.0
Physicist,13.0,19.0,11.0,19.0,5.0,11.0,19.0,10.0
Physicist,14.0,18.0,11.0,18.0,6.0,11.0,18.0,5.0
Physicist,13.0,17.0,11.0,17.0,7.0,11.0,17.0,7.0
Physicist,12.0,16.0,11.0,16.0,8.0,11.0,16.0,6.0
Physicist,13.0,19.0,11.0,19.0,9.0,11.0,15.0,7.0
Physicist,11.0,18.0,11.0,18.0,5.0,12.0,19.0,8.0
Physicist,14.0,17.0,11.0,17.0,6.0,13.0,18.0,9.0
Physicist,11.0,16.0,11.0,16.0,7.0,11.0,17.0,10.0
Physicist,13.0,19.0,11.0,19.0,8.0,14.0,16.0,5.0
Physicist,14.0,18.0,11.0,19.0,9.0,11.0,15.0,7.0
Physicist,13.0,17.0,11.0,18.0,5.0,13.0,19.0,7.0
Physicist,12.0,16.0,11.0,17.0,6.0,14.0,18.0,7.0
Physicist,13.0,19.0,11.0,16.0,7.0,13.0,17.0,7.0
Physicist,11.0,18.0,11.0,19.0,8.0,12.0,16.0,8.0
Physicist,14.0,17.0,11.0,18.0,9.0,13.0,15.0,6.0
Physicist,11.0,16.0,11.0,17.0,5.0,12.0,19.0,7.0
Physicist,13.0,19.0,11.0,16.0,6.0,12.0,18.0,8.0
Physicist,14.0,18.0,14.0,19.0,7.0,12.0,17.0,9.0
Physicist,13.0,17.0,14.0,19.0,8.0,12.0,16.0,10.0
Physicist,12.0,16.0,14.0,18.0,9.0,12.0,15.0,5.0
Physicist,13.0,19.0,14.0,17.0,5.0,12.0,19.0,8.0
Physicist,11.0,18.0,14.0,16.0,6.0,12.0,18.0,8.0
Physicist,14.0,17.0,14.0,20.0,7.0,12.0,17.0,8.0
Physicist,11.0,16.0,14.0,19.0,8.0,12.0,16.0,8.0
Physicist,13.0,19.0,14.0,18.0,9.0,12.0,15.0,8.0
Physicist,14.0,18.0,14.0,17.0,5.0,12.0,19.0,6.0
Physicist,13.0,17.0,14.0,16.0,6.0,12.0,18.0,7.0
Physicist,12.0,16.0,14.0,20.0,7.0,12.0,17.0,8.0
Physicist,13.0,19.0,14.0,19.0,8.0,12.0,16.0,9.0
Physicist,11.0,18.0,14.0,18.0,9.0,12.0,15.0,10.0
Physicist,14.0,17.0,14.0,17.0,5.0,13.0,19.0,5.0
Physicist,11.0,16.0,14.0,16.0,6.0,13.0,18.0,9.0
Physicist,13.0,19.0,14.0,20.0,7.0,13.0,17.0,9.0
Physicist,14.0,18.0,14.0,19.0,8.0,13.0,16.0,9.0
Physicist,13.0,17.0,14.0,18.0,9.0,13.0,15.0,9.0
Physicist,12.0,16.0,13.0,17.0,5.0,13.0,19.0,9.0
Physicist,13.0,19.0,13.0,16.0,6.0,13.0,18.0,9.0
Physicist,11.0,18.0,13.0,18.0,7.0,13.0,17.0,6.0
Physicist,14.0,17.0,13.0,19.0,8.0,13.0,16.0,7.0
Physicist,11.0,16.0,13.0,18.0,9.0,14.0,15.0,8.0
Physicist,13.0,19.0,13.0,17.0,5.0,14.0,19.0,9.0
Physicist,14.0,18.0,13.0,19.0,6.0,14.0,18.0,10.0
Physicist,13.0,17.0,13.0,18.0,7.0,14.0,17.0,5.0
Physicist,12.0,16.0,13.0,17.0,8.0,14.0,16.0,10.0
Physicist,13.0,18.0,13.0,16.0,9.0,14.0,15.0,10.0
Mathematician,12.0,5.0,8.0,17.0,18.0,13.0,6.0,7.0
Mathematician,13.0,5.0,9.0,17.0,18.0,12.0,7.0,6.0
Mathematician,11.0,5.0,10.0,17.0,18.0,13.0,5.0,7.0
Mathematician,14.0,6.0,5.0,17.0,18.0,11.0,8.0,8.0
Mathematician,14.0,8.0,8.0,17.0,18.0,12.0,9.0,9.0
Mathematician,12.0,9.0,8.0,17.0,18.0,13.0,6.0,10.0
Mathematician,13.0,10.0,7.0,17.0,18.0,11.0,7.0,5.0
Mathematician,11.0,5.0,7.0,17.0,18.0,12.0,5.0,7.0
Mathematician,14.0,5.0,7.0,17.0,18.0,13.0,8.0,7.0
Mathematician,12.0,6.0,8.0,17.0,18.0,11.0,9.0,7.0
Mathematician,12.0,8.0,8.0,17.0,18.0,14.0,6.0,7.0
Mathematician,13.0,9.0,8.0,17.0,18.0,13.0,7.0,7.0
Mathematician,11.0,10.0,6.0,17.0,18.0,13.0,5.0,8.0
Mathematician,14.0,5.0,7.0,17.0,18.0,13.0,8.0,8.0
Mathematician,12.0,5.0,7.0,17.0,18.0,12.0,9.0,6.0
Mathematician,12.0,6.0,7.0,17.0,18.0,13.0,6.0,7.0
Mathematician,12.0,6.0,8.0,17.0,18.0,11.0,7.0,8.0
Mathematician,12.0,6.0,8.0,18.0,18.0,14.0,5.0,9.0
Mathematician,13.0,5.0,8.0,18.0,18.0,11.0,8.0,10.0
Mathematician,11.0,5.0,9.0,18.0,18.0,11.0,9.0,5.0
Mathematician,14.0,5.0,10.0,18.0,18.0,12.0,6.0,8.0
Mathematician,13.0,8.0,5.0,18.0,18.0,13.0,7.0,8.0
Mathematician,13.0,9.0,8.0,18.0,18.0,11.0,5.0,8.0
Mathematician,13.0,10.0,8.0,18.0,18.0,14.0,8.0,6.0
Mathematician,12.0,5.0,8.0,18.0,19.0,11.0,9.0,7.0
Mathematician,13.0,7.0,9.0,18.0,19.0,11.0,6.0,8.0
Mathematician,11.0,8.0,10.0,18.0,19.0,11.0,7.0,9.0
Mathematician,14.0,9.0,5.0,18.0,19.0,11.0,5.0,10.0
Mathematician,13.0,10.0,8.0,18.0,19.0,12.0,8.0,5.0
Mathematician,13.0,5.0,8.0,16.0,19.0,13.0,9.0,9.0
Mathematician,13.0,5.0,8.0,16.0,19.0,11.0,6.0,6.0
Mathematician,13.0,5.0,7.0,16.0,19.0,14.0,7.0,7.0
Mathematician,12.0,6.0,7.0,16.0,19.0,13.0,5.0,8.0
Mathematician,13.0,7.0,7.0,16.0,19.0,13.0,8.0,9.0
Mathematician,11.0,8.0,8.0,16.0,19.0,13.0,9.0,10.0
Mathematician,14.0,9.0,8.0,16.0,19.0,13.0,6.0,5.0
Mathematician,13.0,10.0,8.0,16.0,19.0,12.0,7.0,7.0
Mathematician,14.0,5.0,7.0,16.0,19.0,13.0,5.0,8.0
Mathematician,14.0,5.0,7.0,16.0,19.0,11.0,8.0,9.0
Mathematician,14.0,6.0,7.0,16.0,19.0,14.0,9.0,10.0
Mathematician,12.0,7.0,8.0,16.0,20.0,13.0,6.0,5.0
Mathematician,13.0,8.0,8.0,16.0,20.0,13.0,7.0,9.0
Mathematician,11.0,9.0,8.0,15.0,20.0,13.0,5.0,10.0
Mathematician,14.0,10.0,9.0,15.0,20.0,13.0,8.0,10.0
Mathematician,14.0,5.0,10.0,15.0,20.0,12.0,9.0,6.0
Mathematician,14.0,8.0,5.0,15.0,20.0,13.0,6.0,7.0
Mathematician,12.0,9.0,8.0,15.0,20.0,12.0,7.0,8.0
Mathematician,13.0,10.0,9.0,15.0,20.0,13.0,5.0,9.0
Mathematician,11.0,5.0,10.0,15.0,20.0,11.0,8.0,10.0
Mathematician,14.0,5.0,5.0,15.0,20.0,14.0,9.0,5.0
Leader,11.0,9.0,11.0,16.0,5.0,20.0,18.0,7.0
Leader,12.0,9.0,12.0,16.0,6.0,19.0,18.0,7.0
Leader,12.0,6.0,13.0,16.0,7.0,18.0,18.0,6.0
Leader,11.0,6.0,14.0,16.0,7.0,17.0,18.0,7.0
Leader,14.0,6.0,14.0,15.0,8.0,16.0,18.0,8.0
Leader,13.0,6.0,13.0,15.0,8.0,15.0,18.0,9.0
Leader,11.0,6.0,12.0,15.0,5.0,19.0,18.0,10.0
Leader,12.0,6.0,11.0,15.0,6.0,18.0,18.0,5.0
Leader,12.0,6.0,11.0,15.0,7.0,17.0,18.0,7.0
Leader,11.0,6.0,12.0,17.0,7.0,16.0,18.0,7.0
Leader,14.0,6.0,13.0,17.0,8.0,15.0,18.0,7.0
Leader,13.0,6.0,14.0,17.0,8.0,19.0,18.0,7.0
Leader,11.0,6.0,14.0,17.0,5.0,18.0,19.0,8.0
Leader,12.0,6.0,13.0,17.0,6.0,17.0,19.0,8.0
Leader,12.0,6.0,12.0,17.0,7.0,16.0,19.0,8.0
Leader,11.0,6.0,11.0,20.0,7.0,15.0,19.0,6.0
Leader,14.0,6.0,11.0,20.0,8.0,19.0,19.0,7.0
Leader,13.0,6.0,12.0,20.0,8.0,18.0,19.0,8.0
Leader,11.0,6.0,13.0,20.0,5.0,17.0,19.0,9.0
Leader,12.0,6.0,14.0,20.0,6.0,16.0,19.0,10.0
Leader,12.0,6.0,14.0,17.0,7.0,15.0,19.0,5.0
Leader,11.0,6.0,13.0,17.0,7.0,19.0,19.0,8.0
Leader,14.0,6.0,12.0,17.0,8.0,18.0,19.0,8.0
Leader,13.0,6.0,11.0,17.0,8.0,17.0,19.0,8.0
Leader,11.0,8.0,11.0,17.0,5.0,16.0,19.0,8.0
Leader,12.0,9.0,12.0,17.0,6.0,15.0,19.0,8.0
Leader,12.0,10.0,13.0,17.0,7.0,19.0,19.0,8.0
Leader,11.0,5.0,14.0,17.0,7.0,18.0,19.0,6.0
Leader,14.0,8.0,14.0,18.0,8.0,17.0,17.0,7.0
Leader,13.0,9.0,13.0,18.0,8.0,16.0,17.0,8.0
Leader,11.0,10.0,12.0,18.0,5.0,15.0,17.0,9.0
Leader,12.0,5.0,11.0,18.0,6.0,19.0,17.0,10.0
Leader,12.0,8.0,11.0,18.0,7.0,18.0,17.0,5.0
Leader,11.0,9.0,12.0,18.0,7.0,17.0,17.0,9.0
Leader,14.0,10.0,13.0,15.0,8.0,16.0,17.0,9.0
Leader,13.0,5.0,14.0,15.0,5.0,15.0,17.0,9.0
Leader,11.0,5.0,14.0,15.0,6.0,19.0,17.0,9.0
Leader,12.0,8.0,13.0,15.0,7.0,18.0,17.0,9.0
Leader,12.0,9.0,12.0,15.0,7.0,17.0,17.0,9.0
Leader,11.0,10.0,11.0,15.0,8.0,16.0,17.0,9.0
Leader,14.0,5.0,11.0,15.0,8.0,15.0,17.0,6.0
Leader,13.0,5.0,12.0,19.0,5.0,19.0,17.0,7.0
Leader,11.0,5.0,13.0,19.0,6.0,18.0,17.0,8.0
Leader,12.0,6.0,14.0,19.0,7.0,17.0,17.0,9.0
Leader,12.0,7.0,14.0,19.0,7.0,16.0,17.0,10.0
Leader,11.0,8.0,13.0,19.0,8.0,15.0,16.0,5.0
Leader,14.0,9.0,12.0,19.0,8.0,19.0,16.0,10.0
Leader,13.0,10.0,11.0,19.0,9.0,18.0,16.0,10.0
Leader,12.0,5.0,13.0,19.0,9.0,17.0,16.0,10.0
Leader,13.0,8.0,12.0,19.0,9.0,16.0,16.0,10.0
Manager,11.0,6.0,12.0,15.0,18.0,17.0,18.0,5.0
Manager,12.0,7.0,12.0,16.0,18.0,18.0,17.0,6.0
Manager,12.0,8.0,13.0,17.0,18.0,17.0,16.0,7.0
Manager,11.0,9.0,13.0,18.0,18.0,16.0,15.0,8.0
Manager,14.0,10.0,13.0,19.0,18.0,15.0,18.0,8.0
Manager,13.0,5.0,14.0,20.0,18.0,15.0,17.0,9.0
Manager,11.0,7.0,14.0,20.0,18.0,18.0,16.0,7.0
Manager,12.0,7.0,14.0,19.0,18.0,17.0,15.0,5.0
Manager,12.0,6.0,12.0,18.0,18.0,16.0,18.0,5.0
Manager,11.0,7.0,12.0,17.0,18.0,15.0,17.0,6.0
Manager,14.0,8.0,13.0,16.0,18.0,15.0,16.0,7.0
Manager,13.0,9.0,13.0,15.0,18.0,18.0,15.0,8.0
Manager,11.0,10.0,13.0,15.0,17.0,17.0,18.0,8.0
Manager,12.0,5.0,14.0,16.0,16.0,16.0,17.0,9.0
Manager,12.0,7.0,14.0,17.0,15.0,15.0,16.0,7.0
Manager,11.0,7.0,14.0,18.0,15.0,15.0,15.0,5.0
Manager,14.0,7.0,12.0,19.0,18.0,18.0,18.0,5.0
Manager,13.0,6.0,12.0,20.0,17.0,17.0,17.0,6.0
Manager,11.0,7.0,13.0,20.0,16.0,16.0,16.0,7.0
Manager,12.0,6.0,13.0,19.0,15.0,15.0,15.0,8.0
Manager,12.0,7.0,13.0,18.0,15.0,15.0,18.0,8.0
Manager,11.0,8.0,14.0,17.0,18.0,18.0,17.0,9.0
Manager,14.0,9.0,14.0,16.0,17.0,17.0,16.0,7.0
Manager,13.0,10.0,14.0,15.0,16.0,16.0,15.0,5.0
Manager,11.0,5.0,12.0,15.0,15.0,15.0,18.0,5.0
Manager,12.0,7.0,12.0,16.0,15.0,15.0,17.0,6.0
Manager,12.0,7.0,13.0,17.0,18.0,18.0,16.0,7.0
Manager,11.0,7.0,13.0,18.0,17.0,17.0,15.0,8.0
Manager,14.0,7.0,13.0,19.0,16.0,16.0,18.0,8.0
Manager,13.0,6.0,14.0,20.0,15.0,15.0,17.0,9.0
Manager,11.0,7.0,14.0,20.0,15.0,15.0,16.0,7.0
Manager,12.0,8.0,14.0,19.0,18.0,18.0,15.0,5.0
Manager,12.0,9.0,12.0,18.0,17.0,17.0,18.0,5.0
Manager,11.0,10.0,12.0,17.0,16.0,16.0,17.0,6.0
Manager,14.0,5.0,13.0,16.0,15.0,15.0,16.0,7.0
Manager,13.0,7.0,13.0,15.0,15.0,15.0,15.0,8.0
Manager,11.0,7.0,13.0,15.0,18.0,18.0,18.0,8.0
Manager,12.0,7.0,14.0,16.0,17.0,17.0,17.0,9.0
Manager,12.0,7.0,14.0,17.0,16.0,16.0,16.0,7.0
Manager,11.0,7.0,14.0,18.0,15.0,15.0,15.0,5.0
Manager,14.0,7.0,12.0,19.0,15.0,15.0,18.0,5.0
Manager,13.0,6.0,12.0,20.0,15.0,18.0,17.0,6.0
Manager,11.0,7.0,13.0,20.0,18.0,17.0,16.0,7.0
Manager,12.0,8.0,13.0,19.0,17.0,16.0,15.0,8.0
Manager,12.0,9.0,13.0,18.0,16.0,15.0,18.0,8.0
Manager,11.0,10.0,14.0,17.0,15.0,18.0,17.0,9.0
Manager,14.0,5.0,14.0,16.0,15.0,17.0,16.0,7.0
Manager,13.0,7.0,14.0,15.0,16.0,16.0,15.0,5.0
Manager,12.0,7.0,13.0,20.0,16.0,15.0,19.0,9.0
Manager,13.0,7.0,14.0,19.0,16.0,15.0,18.0,9.0
Politician,12.0,5.0,11.0,19.0,6.0,20.0,17.0,5.0
Politician,12.0,5.0,12.0,19.0,6.0,19.0,17.0,5.0
Politician,13.0,6.0,12.0,19.0,6.0,18.0,17.0,5.0
Politician,13.0,6.0,11.0,19.0,6.0,17.0,17.0,6.0
Politician,13.0,7.0,14.0,19.0,6.0,16.0,17.0,6.0
Politician,14.0,7.0,13.0,19.0,6.0,15.0,17.0,6.0
Politician,14.0,8.0,11.0,19.0,6.0,19.0,17.0,5.0
Politician,14.0,8.0,12.0,19.0,6.0,18.0,17.0,5.0
Politician,12.0,9.0,12.0,19.0,6.0,17.0,17.0,5.0
Politician,12.0,9.0,11.0,19.0,7.0,16.0,17.0,6.0
Politician,13.0,10.0,14.0,19.0,8.0,15.0,17.0,6.0
Politician,13.0,10.0,13.0,19.0,9.0,19.0,17.0,6.0
Politician,13.0,5.0,11.0,19.0,10.0,18.0,17.0,5.0
Politician,14.0,5.0,12.0,19.0,5.0,17.0,17.0,5.0
Politician,14.0,6.0,12.0,19.0,8.0,16.0,17.0,5.0
Politician,14.0,6.0,11.0,19.0,9.0,15.0,17.0,6.0
Politician,12.0,7.0,14.0,19.0,10.0,19.0,17.0,6.0
Politician,12.0,7.0,13.0,19.0,5.0,18.0,17.0,6.0
Politician,13.0,8.0,11.0,19.0,5.0,17.0,17.0,5.0
Politician,13.0,8.0,12.0,19.0,5.0,16.0,17.0,5.0
Politician,13.0,9.0,12.0,19.0,5.0,15.0,17.0,5.0
Politician,14.0,9.0,11.0,19.0,6.0,19.0,17.0,6.0
Politician,14.0,10.0,14.0,19.0,7.0,18.0,17.0,6.0
Politician,14.0,10.0,13.0,19.0,8.0,17.0,17.0,6.0
Politician,12.0,5.0,11.0,19.0,9.0,16.0,18.0,5.0
Politician,12.0,5.0,12.0,19.0,10.0,15.0,18.0,5.0
Politician,13.0,6.0,12.0,19.0,5.0,19.0,18.0,5.0
Politician,13.0,6.0,11.0,19.0,7.0,18.0,18.0,6.0
Politician,13.0,7.0,14.0,19.0,7.0,17.0,18.0,6.0
Politician,14.0,7.0,13.0,19.0,7.0,16.0,18.0,6.0
Politician,14.0,8.0,11.0,19.0,7.0,15.0,18.0,5.0
Politician,14.0,8.0,12.0,19.0,6.0,19.0,18.0,5.0
Politician,12.0,9.0,12.0,19.0,7.0,18.0,18.0,5.0
Politician,12.0,9.0,11.0,19.0,8.0,17.0,18.0,6.0
Politician,13.0,10.0,14.0,19.0,9.0,16.0,18.0,6.0
Politician,13.0,10.0,13.0,19.0,10.0,15.0,18.0,6.0
Politician,13.0,5.0,12.0,19.0,5.0,19.0,18.0,5.0
Politician,14.0,5.0,13.0,19.0,8.0,18.0,18.0,5.0
Politician,14.0,6.0,12.0,19.0,8.0,17.0,15.0,5.0
Politician,14.0,6.0,12.0,19.0,8.0,16.0,16.0,6.0
Politician,12.0,7.0,12.0,19.0,8.0,15.0,18.0,6.0
Politician,12.0,7.0,12.0,19.0,8.0,19.0,19.0,6.0
Politician,13.0,8.0,12.0,19.0,6.0,18.0,16.0,5.0
Politician,13.0,8.0,12.0,19.0,7.0,17.0,20.0,5.0
Politician,13.0,9.0,12.0,19.0,8.0,16.0,19.0,5.0
Politician,14.0,9.0,12.0,19.0,9.0,15.0,17.0,6.0
Politician,14.0,10.0,12.0,19.0,10.0,19.0,15.0,6.0
Politician,14.0,10.0,12.0,19.0,5.0,18.0,16.0,6.0
Politician,13.0,7.0,12.0,19.0,8.0,17.0,20.0,5.0
Politician,14.0,7.0,12.0,19.0,8.0,16.0,17.0,5.0
Social Worker,11.0,5.0,20.0,6.0,12.0,19.0,18.0,7.0
Social Worker,11.0,5.0,20.0,7.0,12.0,19.0,18.0,7.0
Social Worker,11.0,5.0,20.0,8.0,12.0,19.0,18.0,7.0
Social Worker,11.0,5.0,20.0,9.0,12.0,19.0,18.0,7.0
Social Worker,11.0,6.0,20.0,10.0,12.0,19.0,18.0,7.0
Social Worker,11.0,7.0,20.0,5.0,12.0,19.0,18.0,7.0
Social Worker,11.0,8.0,20.0,6.0,12.0,19.0,18.0,7.0
Social Worker,11.0,9.0,20.0,6.0,12.0,19.0,18.0,7.0
Social Worker,11.0,10.0,20.0,6.0,12.0,19.0,18.0,7.0
Social Worker,11.0,5.0,20.0,6.0,12.0,19.0,18.0,7.0
Social Worker,11.0,5.0,20.0,6.0,12.0,19.0,18.0,7.0
Social Worker,11.0,5.0,20.0,6.0,12.0,19.0,18.0,7.0
Social Worker,11.0,5.0,20.0,7.0,12.0,19.0,18.0,7.0
Social Worker,11.0,6.0,20.0,8.0,12.0,19.0,18.0,7.0
Social Worker,11.0,7.0,20.0,9.0,14.0,19.0,18.0,7.0
Social Worker,11.0,8.0,20.0,10.0,14.0,19.0,18.0,7.0
Social Worker,11.0,9.0,20.0,5.0,14.0,19.0,18.0,7.0
Social Worker,12.0,10.0,20.0,8.0,14.0,18.0,17.0,7.0
Social Worker,12.0,5.0,20.0,8.0,14.0,18.0,17.0,8.0
Social Worker,12.0,6.0,20.0,6.0,14.0,18.0,17.0,9.0
Social Worker,12.0,6.0,19.0,7.0,14.0,18.0,17.0,10.0
Social Worker,12.0,6.0,19.0,8.0,14.0,18.0,17.0,5.0
Social Worker,12.0,7.0,19.0,9.0,14.0,18.0,17.0,8.0
Social Worker,12.0,8.0,19.0,10.0,14.0,18.0,17.0,8.0
Social Worker,12.0,9.0,19.0,5.0,13.0,16.0,19.0,7.0
Social Worker,12.0,10.0,19.0,7.0,13.0,16.0,19.0,8.0
Social Worker,12.0,5.0,19.0,7.0,13.0,16.0,19.0,9.0
Social Worker,12.0,6.0,19.0,7.0,13.0,16.0,19.0,10.0
Social Worker,11.0,5.0,20.0,6.0,12.0,19.0,18.0,5.0
Social Worker,11.0,5.0,20.0,6.0,12.0,19.0,18.0,8.0
Social Worker,11.0,6.0,20.0,8.0,12.0,19.0,18.0,7.0
Social Worker,11.0,7.0,20.0,8.0,12.0,18.0,18.0,7.0
Social Worker,11.0,8.0,20.0,8.0,12.0,16.0,18.0,7.0
Social Worker,11.0,9.0,20.0,8.0,14.0,16.0,18.0,8.0
Social Worker,11.0,10.0,20.0,8.0,14.0,16.0,18.0,9.0
Social Worker,11.0,5.0,20.0,8.0,14.0,16.0,18.0,10.0
Social Worker,12.0,6.0,20.0,8.0,14.0,19.0,17.0,5.0
Social Worker,12.0,6.0,20.0,8.0,14.0,18.0,17.0,8.0
Social Worker,12.0,6.0,20.0,8.0,14.0,18.0,17.0,8.0
Social Worker,12.0,6.0,19.0,8.0,14.0,18.0,17.0,8.0
Social Worker,12.0,7.0,19.0,8.0,14.0,18.0,17.0,8.0
Social Worker,12.0,8.0,19.0,8.0,14.0,18.0,17.0,8.0
Social Worker,12.0,9.0,19.0,8.0,14.0,16.0,17.0,7.0
Social Worker,14.0,10.0,15.0,9.0,12.0,16.0,18.0,8.0
Social Worker,14.0,7.0,15.0,9.0,12.0,16.0,18.0,9.0
Social Worker,14.0,8.0,15.0,9.0,12.0,16.0,18.0,10.0
Social Worker,14.0,9.0,15.0,9.0,12.0,19.0,18.0,5.0
Social Worker,12.0,10.0,15.0,9.0,12.0,19.0,18.0,8.0
Social Worker,14.0,5.0,15.0,9.0,12.0,19.0,18.0,9.0
Social Worker,14.0,8.0,15.0,9.0,12.0,19.0,18.0,9.0
Receptionist,19.0,18.0,12.0,13.0,5.0,20.0,11.0,6.0
Receptionist,16.0,17.0,12.0,14.0,5.0,20.0,11.0,6.0
Receptionist,15.0,16.0,12.0,12.0,5.0,20.0,11.0,6.0
Receptionist,19.0,15.0,12.0,11.0,5.0,20.0,11.0,6.0
Receptionist,20.0,16.0,12.0,14.0,5.0,20.0,11.0,6.0
Receptionist,16.0,17.0,12.0,12.0,5.0,20.0,11.0,6.0
Receptionist,15.0,18.0,12.0,13.0,5.0,20.0,11.0,6.0
Receptionist,19.0,19.0,12.0,13.0,5.0,20.0,11.0,6.0
Receptionist,19.0,18.0,12.0,14.0,5.0,20.0,11.0,6.0
Receptionist,16.0,18.0,12.0,12.0,5.0,20.0,11.0,6.0
Receptionist,15.0,17.0,12.0,11.0,5.0,20.0,11.0,6.0
Receptionist,19.0,16.0,12.0,14.0,5.0,20.0,11.0,6.0
Receptionist,20.0,15.0,12.0,12.0,5.0,20.0,11.0,6.0
Receptionist,16.0,16.0,12.0,13.0,5.0,20.0,11.0,6.0
Receptionist,15.0,17.0,12.0,13.0,5.0,20.0,11.0,6.0
Receptionist,19.0,18.0,12.0,14.0,5.0,20.0,11.0,6.0
Receptionist,19.0,19.0,12.0,12.0,5.0,20.0,11.0,6.0
Receptionist,16.0,18.0,12.0,11.0,5.0,20.0,11.0,6.0
Receptionist,15.0,18.0,11.0,14.0,6.0,19.0,12.0,7.0
Receptionist,19.0,17.0,11.0,12.0,6.0,19.0,12.0,7.0
Receptionist,20.0,16.0,11.0,13.0,6.0,19.0,12.0,7.0
Receptionist,16.0,15.0,11.0,13.0,6.0,19.0,12.0,7.0
Receptionist,15.0,16.0,11.0,14.0,6.0,19.0,12.0,7.0
Receptionist,19.0,17.0,11.0,12.0,6.0,19.0,12.0,7.0
Receptionist,19.0,18.0,11.0,11.0,6.0,19.0,12.0,7.0
Receptionist,16.0,19.0,11.0,14.0,6.0,19.0,12.0,7.0
Receptionist,15.0,16.0,11.0,12.0,6.0,19.0,12.0,7.0
Receptionist,19.0,18.0,11.0,13.0,6.0,19.0,12.0,7.0
Receptionist,20.0,17.0,12.0,13.0,8.0,20.0,13.0,6.0
Receptionist,16.0,16.0,12.0,14.0,8.0,20.0,13.0,6.0
Receptionist,15.0,15.0,12.0,12.0,8.0,20.0,13.0,6.0
Receptionist,19.0,16.0,12.0,11.0,8.0,20.0,13.0,6.0
Receptionist,19.0,17.0,12.0,14.0,8.0,20.0,13.0,6.0
Receptionist,16.0,18.0,12.0,12.0,8.0,20.0,13.0,6.0
Receptionist,15.0,19.0,12.0,13.0,8.0,20.0,13.0,6.0
Receptionist,19.0,17.0,12.0,13.0,8.0,20.0,13.0,6.0
Receptionist,20.0,18.0,12.0,14.0,8.0,20.0,13.0,6.0
Receptionist,16.0,17.0,12.0,12.0,8.0,20.0,13.0,6.0
Receptionist,15.0,16.0,12.0,11.0,8.0,20.0,13.0,6.0
Receptionist,19.0,15.0,12.0,14.0,8.0,20.0,13.0,6.0
Receptionist,19.0,16.0,12.0,12.0,8.0,20.0,13.0,6.0
Receptionist,16.0,17.0,12.0,13.0,8.0,20.0,13.0,6.0
Receptionist,15.0,18.0,12.0,13.0,8.0,20.0,13.0,6.0
Receptionist,19.0,17.0,12.0,14.0,8.0,20.0,13.0,6.0
Receptionist,20.0,16.0,12.0,12.0,8.0,20.0,13.0,6.0
Receptionist,16.0,15.0,12.0,11.0,8.0,20.0,13.0,6.0
Receptionist,15.0,16.0,12.0,14.0,8.0,20.0,13.0,6.0
Receptionist,19.0,17.0,12.0,12.0,8.0,20.0,13.0,6.0
Receptionist,18.0,18.0,12.0,13.0,8.0,20.0,13.0,6.0
Receptionist,16.0,19.0,12.0,14.0,8.0,20.0,13.0,6.0
Sales Representative,19.0,5.0,11.0,15.0,6.0,18.0,11.0,6.0
Sales Representative,18.0,5.0,14.0,20.0,6.0,18.0,11.0,6.0
Sales Representative,17.0,5.0,13.0,18.0,6.0,18.0,11.0,5.0
Sales Representative,16.0,5.0,12.0,17.0,5.0,18.0,11.0,5.0
Sales Representative,15.0,5.0,11.0,20.0,5.0,18.0,11.0,7.0
Sales Representative,20.0,5.0,14.0,20.0,5.0,18.0,11.0,7.0
Sales Representative,19.0,5.0,13.0,15.0,5.0,18.0,11.0,6.0
Sales Representative,18.0,5.0,12.0,20.0,6.0,18.0,11.0,6.0
Sales Representative,17.0,5.0,11.0,18.0,6.0,18.0,11.0,5.0
Sales Representative,16.0,5.0,14.0,17.0,6.0,18.0,11.0,5.0
Sales Representative,15.0,5.0,13.0,20.0,6.0,18.0,11.0,7.0
Sales Representative,19.0,6.0,12.0,15.0,6.0,18.0,11.0,7.0
Sales Representative,18.0,6.0,11.0,20.0,6.0,18.0,11.0,6.0
Sales Representative,17.0,6.0,14.0,18.0,6.0,18.0,11.0,6.0
Sales Representative,16.0,6.0,13.0,17.0,6.0,18.0,11.0,5.0
Sales Representative,15.0,6.0,12.0,20.0,6.0,18.0,11.0,5.0
Sales Representative,20.0,5.0,11.0,20.0,6.0,18.0,11.0,7.0
Sales Representative,19.0,5.0,14.0,20.0,6.0,18.0,11.0,8.0
Sales Representative,18.0,5.0,13.0,15.0,6.0,18.0,11.0,9.0
Sales Representative,17.0,5.0,12.0,20.0,6.0,18.0,11.0,7.0
Sales Representative,16.0,5.0,11.0,18.0,6.0,18.0,11.0,10.0
Sales Representative,15.0,5.0,14.0,17.0,5.0,18.0,11.0,7.0
Sales Representative,19.0,5.0,13.0,20.0,5.0,18.0,11.0,7.0
Sales Representative,18.0,5.0,12.0,20.0,5.0,18.0,11.0,8.0
Sales Representative,17.0,5.0,11.0,20.0,5.0,18.0,11.0,9.0
Sales Representative,16.0,5.0,14.0,15.0,5.0,18.0,11.0,7.0
Sales Representative,15.0,5.0,13.0,20.0,6.0,18.0,11.0,10.0
Sales Representative,20.0,5.0,12.0,18.0,6.0,18.0,11.0,7.0
Sales Representative,19.0,5.0,11.0,17.0,6.0,18.0,11.0,7.0
Sales Representative,18.0,5.0,14.0,20.0,6.0,18.0,11.0,8.0
Sales Representative,17.0,5.0,13.0,20.0,7.0,18.0,11.0,9.0
Sales Representative,16.0,5.0,12.0,20.0,7.0,18.0,11.0,7.0
Sales Representative,15.0,5.0,11.0,15.0,7.0,18.0,11.0,10.0
Sales Representative,19.0,5.0,14.0,20.0,7.0,18.0,11.0,7.0
Sales Representative,18.0,5.0,13.0,18.0,7.0,18.0,11.0,7.0
Sales Representative,17.0,5.0,12.0,17.0,7.0,18.0,11.0,7.0
Sales Representative,16.0,7.0,11.0,16.0,7.0,17.0,11.0,8.0
Sales Representative,15.0,7.0,14.0,16.0,7.0,17.0,11.0,9.0
Sales Representative,20.0,7.0,13.0,16.0,7.0,17.0,11.0,7.0
Sales Representative,19.0,7.0,12.0,16.0,7.0,17.0,12.0,10.0
Sales Representative,18.0,7.0,11.0,15.0,7.0,17.0,12.0,7.0
Sales Representative,17.0,7.0,14.0,20.0,7.0,17.0,12.0,8.0
Sales Representative,16.0,7.0,13.0,18.0,7.0,17.0,12.0,9.0
Sales Representative,15.0,6.0,12.0,17.0,7.0,17.0,12.0,7.0
Sales Representative,15.0,6.0,11.0,16.0,7.0,17.0,12.0,10.0
Sales Representative,17.0,5.0,14.0,15.0,7.0,17.0,12.0,7.0
Sales Representative,18.0,5.0,13.0,20.0,7.0,17.0,12.0,8.0
Sales Representative,19.0,7.0,12.0,18.0,7.0,17.0,12.0,8.0
Sales Representative,20.0,7.0,13.0,17.0,7.0,17.0,12.0,8.0
Sales Representative,15.0,7.0,12.0,16.0,7.0,17.0,12.0,8.0
Counselor,11.0,6.0,14.0,17.0,6.0,19.0,17.0,12.0
Counselor,12.0,6.0,14.0,17.0,6.0,16.0,16.0,12.0
Counselor,13.0,6.0,14.0,17.0,6.0,15.0,17.0,12.0
Counselor,14.0,6.0,14.0,17.0,6.0,17.0,19.0,12.0
Counselor,13.0,5.0,14.0,17.0,5.0,18.0,17.0,12.0
Counselor,12.0,5.0,14.0,15.0,5.0,19.0,16.0,12.0
Counselor,11.0,6.0,14.0,16.0,6.0,19.0,17.0,12.0
Counselor,11.0,6.0,14.0,18.0,6.0,16.0,19.0,12.0
Counselor,12.0,6.0,14.0,19.0,6.0,15.0,17.0,12.0
Counselor,13.0,6.0,14.0,20.0,5.0,17.0,17.0,13.0
Counselor,14.0,6.0,14.0,17.0,5.0,18.0,16.0,13.0
Counselor,13.0,5.0,14.0,15.0,6.0,19.0,17.0,13.0
Counselor,12.0,5.0,14.0,16.0,6.0,19.0,19.0,13.0
Counselor,11.0,5.0,14.0,18.0,5.0,16.0,16.0,13.0
Counselor,13.0,5.0,14.0,19.0,5.0,15.0,17.0,13.0
Counselor,13.0,5.0,14.0,20.0,5.0,17.0,19.0,13.0
Counselor,11.0,5.0,14.0,17.0,5.0,18.0,17.0,13.0
Counselor,12.0,5.0,14.0,15.0,5.0,18.0,16.0,13.0
Counselor,13.0,5.0,14.0,16.0,5.0,18.0,17.0,13.0
Counselor,14.0,6.0,14.0,18.0,5.0,19.0,19.0,14.0
Counselor,13.0,6.0,14.0,19.0,5.0,16.0,16.0,14.0
Counselor,12.0,5.0,14.0,20.0,5.0,15.0,17.0,14.0
Counselor,11.0,5.0,14.0,17.0,5.0,17.0,19.0,14.0
Counselor,14.0,5.0,14.0,17.0,5.0,18.0,17.0,14.0
Counselor,11.0,8.0,14.0,17.0,5.0,16.0,17.0,14.0
Counselor,12.0,7.0,14.0,15.0,8.0,16.0,16.0,14.0
Counselor,13.0,9.0,14.0,16.0,5.0,19.0,17.0,14.0
Counselor,14.0,8.0,14.0,18.0,8.0,16.0,19.0,14.0
Counselor,13.0,8.0,14.0,19.0,7.0,15.0,17.0,14.0
Counselor,12.0,8.0,14.0,20.0,9.0,17.0,20.0,14.0
Counselor,11.0,8.0,14.0,20.0,8.0,18.0,16.0,14.0
Counselor,14.0,8.0,14.0,20.0,8.0,19.0,17.0,14.0
Counselor,11.0,8.0,12.0,20.0,8.0,19.0,19.0,14.0
Counselor,12.0,8.0,12.0,15.0,8.0,19.0,20.0,14.0
Counselor,13.0,8.0,12.0,16.0,8.0,16.0,20.0,11.0
Counselor,14.0,8.0,12.0,18.0,5.0,15.0,16.0,11.0
Counselor,13.0,8.0,12.0,19.0,8.0,17.0,17.0,11.0
Counselor,12.0,5.0,12.0,20.0,7.0,18.0,19.0,11.0
Counselor,11.0,8.0,12.0,20.0,9.0,18.0,20.0,11.0
Counselor,11.0,7.0,12.0,15.0,8.0,19.0,16.0,11.0
Counselor,11.0,9.0,12.0,16.0,8.0,16.0,17.0,11.0
Counselor,12.0,7.0,12.0,18.0,7.0,15.0,19.0,11.0
Counselor,13.0,7.0,12.0,19.0,7.0,17.0,20.0,11.0
Counselor,14.0,7.0,12.0,20.0,7.0,18.0,16.0,11.0
Counselor,13.0,7.0,12.0,20.0,7.0,19.0,17.0,12.0
Counselor,12.0,7.0,12.0,15.0,7.0,19.0,19.0,12.0
Counselor,11.0,7.0,12.0,16.0,7.0,16.0,16.0,12.0
Counselor,12.0,7.0,12.0,18.0,7.0,15.0,17.0,12.0
Counselor,13.0,7.0,12.0,19.0,7.0,17.0,19.0,12.0
Counselor,14.0,7.0,12.0,20.0,7.0,18.0,20.0,12.0
Athlete,12.0,11.0,19.0,5.0,7.0,19.0,18.0,13.0
Athlete,11.0,11.0,17.0,6.0,7.0,19.0,16.0,12.0
Athlete,13.0,11.0,18.0,8.0,7.0,19.0,17.0,14.0
Athlete,14.0,11.0,16.0,7.0,7.0,19.0,19.0,12.0
Athlete,11.0,11.0,15.0,10.0,7.0,19.0,20.0,11.0
Athlete,12.0,11.0,20.0,8.0,7.0,19.0,19.0,13.0
Athlete,13.0,11.0,19.0,6.0,5.0,19.0,18.0,12.0
Athlete,12.0,11.0,18.0,5.0,6.0,19.0,17.0,14.0
Athlete,11.0,11.0,19.0,6.0,8.0,19.0,18.0,12.0
Athlete,13.0,11.0,19.0,8.0,7.0,19.0,15.0,11.0
Athlete,14.0,11.0,17.0,7.0,10.0,19.0,18.0,13.0
Athlete,11.0,11.0,18.0,10.0,8.0,19.0,16.0,12.0
Athlete,12.0,11.0,16.0,8.0,6.0,19.0,17.0,14.0
Athlete,13.0,11.0,15.0,6.0,7.0,19.0,19.0,12.0
Athlete,12.0,11.0,20.0,5.0,7.0,19.0,20.0,11.0
Athlete,12.0,11.0,19.0,6.0,5.0,19.0,19.0,13.0
Athlete,11.0,11.0,18.0,8.0,6.0,19.0,18.0,13.0
Athlete,13.0,11.0,19.0,7.0,8.0,15.0,17.0,12.0
Athlete,14.0,11.0,17.0,10.0,7.0,15.0,18.0,14.0
Athlete,11.0,11.0,18.0,8.0,10.0,15.0,15.0,12.0
Athlete,12.0,11.0,16.0,6.0,8.0,15.0,18.0,11.0
Athlete,13.0,11.0,15.0,5.0,6.0,15.0,18.0,13.0
Athlete,12.0,11.0,20.0,6.0,7.0,15.0,16.0,12.0
Athlete,11.0,11.0,19.0,8.0,7.0,15.0,17.0,14.0
Athlete,13.0,11.0,18.0,7.0,7.0,15.0,19.0,12.0
Athlete,14.0,11.0,20.0,10.0,7.0,15.0,20.0,11.0
Athlete,11.0,11.0,19.0,8.0,5.0,15.0,19.0,13.0
Athlete,12.0,11.0,18.0,6.0,6.0,15.0,18.0,12.0
Athlete,13.0,11.0,17.0,5.0,8.0,15.0,17.0,14.0
Athlete,12.0,11.0,16.0,6.0,7.0,15.0,18.0,12.0
Athlete,11.0,14.0,16.0,8.0,10.0,15.0,15.0,11.0
Athlete,13.0,14.0,19.0,7.0,8.0,15.0,18.0,13.0
Athlete,14.0,14.0,17.0,10.0,6.0,17.0,16.0,13.0
Athlete,11.0,14.0,16.0,8.0,7.0,17.0,17.0,13.0
Athlete,12.0,14.0,15.0,6.0,7.0,17.0,19.0,12.0
Athlete,13.0,14.0,20.0,5.0,7.0,17.0,20.0,14.0
Athlete,13.0,14.0,19.0,6.0,7.0,17.0,19.0,12.0
Athlete,13.0,14.0,18.0,8.0,5.0,17.0,18.0,11.0
Athlete,13.0,14.0,17.0,7.0,6.0,17.0,17.0,13.0
Athlete,13.0,14.0,16.0,10.0,8.0,17.0,18.0,13.0
Athlete,11.0,14.0,17.0,8.0,7.0,17.0,16.0,12.0
Athlete,11.0,14.0,19.0,6.0,10.0,17.0,17.0,14.0
Athlete,11.0,14.0,17.0,5.0,8.0,17.0,19.0,12.0
Athlete,11.0,14.0,16.0,6.0,6.0,17.0,20.0,11.0
Athlete,11.0,14.0,15.0,8.0,9.0,17.0,19.0,13.0
Athlete,11.0,14.0,20.0,7.0,9.0,17.0,18.0,13.0
Athlete,11.0,14.0,19.0,10.0,9.0,17.0,17.0,12.0
Athlete,11.0,14.0,18.0,8.0,9.0,17.0,18.0,14.0
Athlete,11.0,14.0,17.0,6.0,9.0,17.0,15.0,12.0
Athlete,11.0,14.0,16.0,8.0,9.0,17.0,16.0,11.0
Dancer,5.0,20.0,18.0,5.0,11.0,2.0,11.0,14.0
Dancer,6.0,19.0,18.0,6.0,11.0,2.0,11.0,12.0
Dancer,7.0,18.0,18.0,7.0,12.0,2.0,12.0,11.0
Dancer,8.0,17.0,18.0,8.0,12.0,2.0,12.0,12.0
Dancer,9.0,16.0,18.0,9.0,13.0,2.0,13.0,12.0
Dancer,10.0,15.0,18.0,10.0,12.0,2.0,12.0,13.0
Dancer,10.0,20.0,18.0,10.0,12.0,17.0,12.0,14.0
Dancer,9.0,19.0,18.0,9.0,13.0,17.0,13.0,12.0
Dancer,8.0,18.0,18.0,8.0,13.0,17.0,13.0,12.0
Dancer,7.0,17.0,18.0,7.0,14.0,17.0,14.0,13.0
Dancer,6.0,16.0,18.0,6.0,14.0,17.0,14.0,13.0
Dancer,5.0,15.0,18.0,5.0,11.0,17.0,11.0,11.0
Dancer,5.0,20.0,18.0,10.0,12.0,17.0,12.0,11.0
Dancer,6.0,19.0,18.0,10.0,13.0,17.0,13.0,12.0
Dancer,7.0,18.0,17.0,10.0,14.0,17.0,14.0,12.0
Dancer,8.0,17.0,17.0,10.0,12.0,17.0,12.0,13.0
Dancer,9.0,16.0,17.0,10.0,11.0,17.0,11.0,12.0
Dancer,10.0,15.0,17.0,10.0,12.0,17.0,12.0,12.0
Dancer,10.0,20.0,17.0,10.0,12.0,17.0,12.0,13.0
Dancer,9.0,19.0,17.0,9.0,13.0,17.0,13.0,13.0
Dancer,8.0,18.0,17.0,9.0,14.0,17.0,14.0,14.0
Dancer,7.0,17.0,17.0,9.0,12.0,17.0,12.0,14.0
Dancer,6.0,16.0,17.0,9.0,11.0,17.0,11.0,14.0
Dancer,5.0,15.0,17.0,9.0,11.0,17.0,11.0,12.0
Dancer,5.0,20.0,17.0,9.0,12.0,17.0,12.0,11.0
Dancer,6.0,19.0,17.0,9.0,12.0,17.0,12.0,12.0
Dancer,7.0,18.0,17.0,9.0,13.0,17.0,13.0,12.0
Dancer,8.0,17.0,17.0,9.0,12.0,17.0,12.0,13.0
Dancer,9.0,16.0,16.0,9.0,12.0,17.0,12.0,14.0
Dancer,10.0,15.0,16.0,6.0,13.0,17.0,13.0,12.0
Dancer,10.0,20.0,16.0,6.0,13.0,17.0,13.0,11.0
Dancer,9.0,19.0,16.0,6.0,14.0,17.0,14.0,13.0
Dancer,8.0,18.0,16.0,6.0,14.0,17.0,14.0,12.0
Dancer,7.0,17.0,16.0,6.0,14.0,17.0,14.0,12.0
Dancer,6.0,16.0,16.0,6.0,12.0,16.0,12.0,11.0
Dancer,5.0,15.0,16.0,6.0,11.0,16.0,11.0,12.0
Dancer,5.0,20.0,16.0,6.0,12.0,16.0,12.0,12.0
Dancer,6.0,19.0,16.0,6.0,13.0,16.0,13.0,13.0
Dancer,7.0,18.0,16.0,6.0,14.0,16.0,14.0,12.0
Dancer,8.0,17.0,16.0,5.0,12.0,16.0,12.0,12.0
Dancer,9.0,16.0,16.0,5.0,11.0,16.0,11.0,13.0
Dancer,10.0,15.0,16.0,5.0,12.0,16.0,12.0,13.0
Dancer,10.0,20.0,16.0,5.0,12.0,16.0,12.0,14.0
Dancer,9.0,19.0,16.0,5.0,13.0,16.0,13.0,14.0
Dancer,8.0,18.0,15.0,5.0,11.0,16.0,11.0,11.0
Dancer,7.0,17.0,15.0,8.0,12.0,16.0,12.0,13.0
Dancer,6.0,16.0,15.0,8.0,12.0,16.0,12.0,12.0
Dancer,5.0,15.0,15.0,8.0,12.0,16.0,12.0,11.0
Dancer,7.0,16.0,15.0,8.0,13.0,16.0,13.0,14.0
Dancer,6.0,17.0,15.0,8.0,13.0,16.0,13.0,12.0
Mechanic,5.0,7.0,20.0,18.0,11.0,14.0,5.0,12.0
Mechanic,6.0,7.0,18.0,18.0,11.0,14.0,6.0,12.0
Mechanic,7.0,7.0,17.0,18.0,12.0,14.0,7.0,12.0
Mechanic,8.0,7.0,18.0,18.0,12.0,14.0,5.0,12.0
Mechanic,9.0,7.0,19.0,18.0,13.0,14.0,6.0,12.0
Mechanic,10.0,7.0,16.0,18.0,12.0,14.0,7.0,12.0
Mechanic,10.0,7.0,17.0,18.0,12.0,14.0,5.0,12.0
Mechanic,9.0,7.0,18.0,18.0,13.0,14.0,6.0,12.0
Mechanic,8.0,7.0,19.0,18.0,13.0,14.0,7.0,12.0
Mechanic,7.0,7.0,20.0,18.0,14.0,14.0,5.0,12.0
Mechanic,6.0,7.0,18.0,18.0,14.0,14.0,6.0,12.0
Mechanic,5.0,7.0,17.0,18.0,11.0,14.0,7.0,12.0
Mechanic,7.0,5.0,18.0,18.0,12.0,14.0,5.0,13.0
Mechanic,7.0,6.0,19.0,18.0,13.0,14.0,6.0,13.0
Mechanic,6.0,7.0,16.0,17.0,14.0,14.0,7.0,13.0
Mechanic,7.0,8.0,17.0,17.0,12.0,14.0,8.0,13.0
Mechanic,8.0,9.0,18.0,17.0,11.0,13.0,9.0,13.0
Mechanic,7.0,10.0,19.0,17.0,12.0,13.0,10.0,13.0
Mechanic,9.0,10.0,20.0,17.0,12.0,13.0,8.0,13.0
Mechanic,7.0,9.0,18.0,17.0,13.0,13.0,9.0,13.0
Mechanic,5.0,8.0,17.0,17.0,14.0,13.0,10.0,13.0
Mechanic,7.0,7.0,18.0,17.0,12.0,13.0,8.0,14.0
Mechanic,8.0,6.0,19.0,17.0,11.0,13.0,9.0,14.0
Mechanic,7.0,5.0,16.0,17.0,11.0,13.0,10.0,14.0
Mechanic,5.0,8.0,17.0,17.0,12.0,13.0,8.0,14.0
Mechanic,6.0,8.0,18.0,17.0,12.0,13.0,9.0,14.0
Mechanic,7.0,8.0,19.0,17.0,13.0,13.0,10.0,14.0
Mechanic,8.0,8.0,20.0,17.0,12.0,13.0,8.0,14.0
Mechanic,9.0,8.0,18.0,17.0,12.0,13.0,9.0,14.0
Mechanic,10.0,8.0,17.0,17.0,13.0,13.0,10.0,14.0
Mechanic,10.0,8.0,18.0,16.0,13.0,13.0,5.0,14.0
Mechanic,9.0,8.0,19.0,16.0,14.0,13.0,7.0,14.0
Mechanic,8.0,8.0,16.0,16.0,14.0,12.0,6.0,14.0
Mechanic,7.0,8.0,17.0,16.0,14.0,12.0,8.0,14.0
Mechanic,6.0,8.0,18.0,16.0,12.0,12.0,5.0,11.0
Mechanic,5.0,8.0,19.0,16.0,11.0,12.0,7.0,11.0
Mechanic,8.0,5.0,20.0,16.0,12.0,12.0,6.0,11.0
Mechanic,10.0,6.0,18.0,16.0,13.0,12.0,8.0,11.0
Mechanic,8.0,7.0,17.0,16.0,14.0,12.0,5.0,11.0
Mechanic,10.0,8.0,18.0,16.0,12.0,12.0,7.0,11.0
Mechanic,9.0,9.0,19.0,16.0,11.0,12.0,6.0,11.0
Mechanic,10.0,10.0,16.0,16.0,12.0,12.0,8.0,11.0
Mechanic,7.0,10.0,17.0,15.0,12.0,12.0,5.0,11.0
Mechanic,6.0,9.0,18.0,15.0,13.0,11.0,7.0,11.0
Mechanic,5.0,8.0,19.0,15.0,11.0,11.0,6.0,13.0
Mechanic,10.0,7.0,19.0,15.0,12.0,11.0,8.0,13.0
Mechanic,8.0,6.0,19.0,15.0,12.0,11.0,5.0,13.0
Mechanic,10.0,5.0,17.0,15.0,12.0,11.0,7.0,13.0
Mechanic,5.0,9.0,17.0,15.0,13.0,11.0,6.0,13.0
Mechanic,6.0,7.0,17.0,15.0,13.0,11.0,8.0,13.0
Actor / Actress,20.0,14.0,16.0,5.0,5.0,17.0,15.0,12.0
Actor / Actress,19.0,13.0,17.0,6.0,5.0,17.0,15.0,13.0
Actor / Actress,18.0,12.0,15.0,7.0,6.0,18.0,15.0,11.0
Actor / Actress,17.0,11.0,18.0,8.0,6.0,18.0,15.0,14.0
Actor / Actress,16.0,14.0,20.0,9.0,7.0,19.0,15.0,12.0
Actor / Actress,15.0,13.0,17.0,5.0,7.0,19.0,15.0,13.0
Actor / Actress,20.0,12.0,16.0,6.0,8.0,20.0,15.0,11.0
Actor / Actress,19.0,11.0,17.0,7.0,8.0,20.0,15.0,14.0
Actor / Actress,18.0,14.0,15.0,8.0,5.0,16.0,15.0,12.0
Actor / Actress,17.0,13.0,18.0,9.0,5.0,15.0,15.0,13.0
Actor / Actress,20.0,12.0,20.0,5.0,6.0,16.0,15.0,11.0
Actor / Actress,19.0,11.0,19.0,6.0,6.0,17.0,15.0,14.0
Actor / Actress,18.0,14.0,17.0,7.0,7.0,17.0,16.0,12.0
Actor / Actress,17.0,13.0,17.0,8.0,7.0,17.0,16.0,13.0
Actor / Actress,16.0,12.0,16.0,9.0,8.0,18.0,16.0,11.0
Actor / Actress,15.0,11.0,17.0,5.0,5.0,18.0,16.0,14.0
Actor / Actress,20.0,13.0,15.0,6.0,5.0,19.0,16.0,12.0
Actor / Actress,19.0,14.0,18.0,7.0,6.0,19.0,16.0,13.0
Actor / Actress,18.0,13.0,20.0,8.0,6.0,20.0,16.0,11.0
Actor / Actress,17.0,12.0,19.0,9.0,7.0,20.0,16.0,14.0
Actor / Actress,20.0,11.0,17.0,5.0,7.0,16.0,16.0,12.0
Actor / Actress,19.0,14.0,18.0,6.0,8.0,15.0,16.0,13.0
Actor / Actress,18.0,13.0,16.0,7.0,5.0,16.0,16.0,11.0
Actor / Actress,17.0,12.0,17.0,8.0,5.0,17.0,17.0,14.0
Actor / Actress,16.0,11.0,15.0,9.0,6.0,17.0,17.0,12.0
Actor / Actress,15.0,14.0,18.0,5.0,6.0,17.0,17.0,13.0
Actor / Actress,20.0,13.0,20.0,6.0,7.0,18.0,17.0,11.0
Actor / Actress,19.0,12.0,19.0,7.0,7.0,18.0,17.0,14.0
Actor / Actress,18.0,11.0,17.0,8.0,8.0,19.0,17.0,12.0
Actor / Actress,17.0,14.0,18.0,9.0,5.0,19.0,17.0,13.0
Actor / Actress,20.0,13.0,18.0,5.0,5.0,20.0,17.0,11.0
Actor / Actress,19.0,12.0,16.0,6.0,6.0,20.0,17.0,14.0
Actor / Actress,18.0,11.0,17.0,7.0,6.0,16.0,17.0,12.0
Actor / Actress,17.0,14.0,15.0,8.0,7.0,15.0,19.0,13.0
Actor / Actress,16.0,13.0,18.0,9.0,7.0,16.0,19.0,11.0
Actor / Actress,15.0,12.0,20.0,5.0,8.0,17.0,19.0,14.0
Actor / Actress,20.0,11.0,19.0,6.0,5.0,17.0,19.0,12.0
Actor / Actress,19.0,14.0,17.0,7.0,5.0,17.0,19.0,13.0
Actor / Actress,18.0,13.0,16.0,8.0,6.0,18.0,19.0,11.0
Actor / Actress,17.0,12.0,17.0,9.0,6.0,18.0,19.0,14.0
Actor / Actress,20.0,11.0,15.0,5.0,7.0,19.0,19.0,12.0
Actor / Actress,19.0,14.0,18.0,6.0,7.0,19.0,19.0,13.0
Actor / Actress,18.0,13.0,20.0,7.0,8.0,20.0,19.0,11.0
Actor / Actress,17.0,12.0,19.0,8.0,5.0,20.0,19.0,14.0
Actor / Actress,16.0,11.0,17.0,9.0,5.0,16.0,19.0,12.0
Actor / Actress,15.0,14.0,16.0,5.0,6.0,15.0,20.0,13.0
Actor / Actress,20.0,13.0,17.0,6.0,6.0,16.0,20.0,11.0
Actor / Actress,19.0,12.0,15.0,7.0,7.0,17.0,20.0,14.0
Actor / Actress,18.0,11.0,18.0,8.0,7.0,15.0,20.0,12.0
Actor / Actress,19.0,12.0,20.0,6.0,5.0,17.0,20.0,11.0
Physical Therapist,5.0,6.0,18.0,12.0,6.0,8.0,13.0,19.0
Physical Therapist,6.0,7.0,17.0,13.0,5.0,8.0,12.0,18.0
Physical Therapist,7.0,8.0,16.0,11.0,6.0,8.0,12.0,19.0
Physical Therapist,5.0,9.0,15.0,14.0,5.0,8.0,12.0,18.0
Physical Therapist,6.0,6.0,20.0,12.0,6.0,8.0,12.0,18.0
Physical Therapist,7.0,7.0,17.0,13.0,5.0,8.0,12.0,19.0
Physical Therapist,5.0,8.0,18.0,11.0,6.0,8.0,12.0,18.0
Physical Therapist,6.0,9.0,19.0,14.0,5.0,8.0,12.0,19.0
Physical Therapist,7.0,6.0,17.0,12.0,7.0,8.0,12.0,18.0
Physical Therapist,8.0,7.0,18.0,13.0,6.0,8.0,12.0,18.0
Physical Therapist,9.0,8.0,17.0,11.0,7.0,8.0,12.0,19.0
Physical Therapist,10.0,9.0,16.0,14.0,6.0,8.0,12.0,18.0
Physical Therapist,8.0,6.0,15.0,12.0,6.0,8.0,12.0,19.0
Physical Therapist,9.0,7.0,20.0,13.0,7.0,7.0,12.0,18.0
Physical Therapist,10.0,8.0,17.0,11.0,6.0,7.0,12.0,18.0
Physical Therapist,8.0,9.0,18.0,14.0,7.0,7.0,13.0,19.0
Physical Therapist,9.0,6.0,19.0,12.0,6.0,7.0,13.0,18.0
Physical Therapist,10.0,7.0,17.0,13.0,5.0,7.0,13.0,19.0
Physical Therapist,8.0,8.0,18.0,11.0,7.0,7.0,13.0,18.0
Physical Therapist,9.0,9.0,17.0,14.0,6.0,7.0,13.0,18.0
Physical Therapist,10.0,6.0,16.0,12.0,7.0,7.0,13.0,19.0
Physical Therapist,6.0,7.0,15.0,13.0,6.0,7.0,13.0,18.0
Physical Therapist,6.0,8.0,20.0,11.0,5.0,7.0,13.0,19.0
Physical Therapist,6.0,9.0,17.0,14.0,7.0,7.0,13.0,18.0
Physical Therapist,6.0,6.0,18.0,12.0,6.0,9.0,13.0,18.0
Physical Therapist,6.0,7.0,19.0,13.0,7.0,9.0,13.0,19.0
Physical Therapist,6.0,8.0,17.0,11.0,6.0,9.0,13.0,18.0
Physical Therapist,6.0,9.0,16.0,14.0,7.0,9.0,13.0,19.0
Physical Therapist,6.0,6.0,18.0,12.0,7.0,9.0,13.0,18.0
Physical Therapist,7.0,7.0,17.0,13.0,6.0,9.0,14.0,18.0
Physical Therapist,7.0,8.0,16.0,11.0,7.0,9.0,14.0,19.0
Physical Therapist,7.0,9.0,15.0,14.0,6.0,9.0,14.0,18.0
Physical Therapist,7.0,6.0,20.0,12.0,7.0,9.0,14.0,19.0
Physical Therapist,7.0,7.0,17.0,13.0,7.0,6.0,14.0,18.0
Physical Therapist,7.0,8.0,18.0,11.0,6.0,6.0,14.0,18.0
Physical Therapist,8.0,9.0,19.0,14.0,7.0,6.0,14.0,19.0
Physical Therapist,8.0,6.0,17.0,12.0,6.0,6.0,14.0,18.0
Physical Therapist,8.0,7.0,16.0,13.0,8.0,6.0,14.0,19.0
Physical Therapist,8.0,8.0,18.0,11.0,7.0,6.0,14.0,18.0
Physical Therapist,8.0,9.0,17.0,14.0,6.0,6.0,14.0,18.0
Physical Therapist,8.0,6.0,16.0,12.0,7.0,6.0,14.0,19.0
Physical Therapist,8.0,7.0,15.0,13.0,6.0,6.0,12.0,18.0
Physical Therapist,8.0,8.0,20.0,11.0,9.0,6.0,12.0,19.0
Physical Therapist,9.0,9.0,17.0,14.0,7.0,10.0,12.0,18.0
Physical Therapist,9.0,6.0,18.0,12.0,6.0,10.0,12.0,18.0
Physical Therapist,9.0,7.0,19.0,13.0,7.0,10.0,12.0,19.0
Physical Therapist,9.0,8.0,17.0,11.0,6.0,10.0,12.0,18.0
Physical Therapist,9.0,9.0,15.0,14.0,9.0,10.0,12.0,19.0
Physical Therapist,9.0,10.0,18.0,12.0,10.0,10.0,12.0,18.0
Physical Therapist,9.0,6.0,15.0,11.0,7.0,10.0,12.0,18.0
Editor,5.0,19.0,5.0,18.0,10.0,12.0,19.0,11.0
Editor,8.0,18.0,7.0,18.0,10.0,13.0,18.0,11.0
Editor,9.0,16.0,9.0,18.0,10.0,11.0,17.0,11.0
Editor,6.0,15.0,6.0,18.0,10.0,14.0,15.0,11.0
Editor,7.0,19.0,10.0,18.0,10.0,12.0,16.0,11.0
Editor,8.0,20.0,7.0,18.0,10.0,13.0,20.0,11.0
Editor,9.0,19.0,5.0,17.0,10.0,11.0,19.0,11.0
Editor,6.0,19.0,5.0,17.0,10.0,14.0,18.0,11.0
Editor,7.0,18.0,7.0,18.0,10.0,12.0,17.0,11.0
Editor,8.0,16.0,9.0,18.0,9.0,13.0,16.0,11.0
Editor,9.0,15.0,6.0,19.0,9.0,11.0,19.0,11.0
Editor,10.0,19.0,10.0,19.0,9.0,14.0,18.0,11.0
Editor,6.0,20.0,7.0,18.0,9.0,12.0,17.0,11.0
Editor,9.0,19.0,9.0,18.0,9.0,13.0,15.0,11.0
Editor,9.0,19.0,9.0,17.0,9.0,11.0,16.0,11.0
Editor,9.0,18.0,9.0,17.0,9.0,14.0,20.0,12.0
Editor,9.0,16.0,9.0,18.0,9.0,12.0,19.0,12.0
Editor,8.0,15.0,9.0,18.0,9.0,13.0,18.0,12.0
Editor,9.0,19.0,5.0,19.0,9.0,11.0,17.0,12.0
Editor,6.0,20.0,7.0,19.0,8.0,14.0,16.0,12.0
Editor,7.0,19.0,9.0,17.0,8.0,12.0,19.0,12.0
Editor,8.0,18.0,6.0,18.0,8.0,13.0,18.0,12.0
Editor,9.0,16.0,10.0,18.0,8.0,11.0,17.0,12.0
Editor,6.0,15.0,7.0,17.0,8.0,14.0,15.0,12.0
Editor,7.0,19.0,10.0,17.0,8.0,12.0,16.0,12.0
Editor,8.0,20.0,7.0,18.0,8.0,13.0,20.0,12.0
Editor,9.0,19.0,7.0,18.0,8.0,11.0,19.0,12.0
Editor,10.0,18.0,7.0,19.0,8.0,14.0,18.0,12.0
Editor,6.0,16.0,5.0,19.0,8.0,12.0,17.0,14.0
Editor,7.0,15.0,7.0,17.0,8.0,13.0,16.0,14.0
Editor,8.0,19.0,9.0,18.0,7.0,11.0,19.0,14.0
Editor,9.0,20.0,6.0,18.0,7.0,14.0,18.0,14.0
Editor,6.0,19.0,10.0,17.0,7.0,12.0,17.0,14.0
Editor,7.0,18.0,7.0,20.0,7.0,13.0,15.0,14.0
Editor,8.0,16.0,9.0,18.0,7.0,11.0,16.0,14.0
Editor,9.0,15.0,5.0,18.0,7.0,14.0,20.0,14.0
Editor,6.0,19.0,7.0,19.0,7.0,12.0,19.0,14.0
Editor,7.0,20.0,9.0,19.0,7.0,13.0,18.0,14.0
Editor,8.0,19.0,6.0,15.0,7.0,11.0,17.0,14.0
Editor,9.0,18.0,10.0,15.0,6.0,14.0,16.0,14.0
Editor,10.0,16.0,7.0,18.0,6.0,12.0,19.0,14.0
Editor,6.0,15.0,6.0,18.0,6.0,13.0,18.0,13.0
Editor,9.0,19.0,5.0,17.0,6.0,11.0,17.0,13.0
Editor,6.0,20.0,7.0,17.0,6.0,14.0,15.0,13.0
Editor,7.0,19.0,9.0,18.0,6.0,12.0,16.0,13.0
Editor,8.0,18.0,6.0,18.0,6.0,13.0,20.0,13.0
Editor,9.0,16.0,10.0,20.0,6.0,11.0,19.0,13.0
Editor,10.0,15.0,7.0,19.0,6.0,14.0,18.0,13.0
Editor,6.0,19.0,5.0,20.0,6.0,12.0,17.0,13.0
Editor,5.0,20.0,8.0,19.0,6.0,11.0,16.0,13.0
Historian,12.0,5.0,6.0,17.0,14.0,14.0,18.0,17.0
Historian,13.0,5.0,6.0,17.0,12.0,12.0,18.0,17.0
Historian,11.0,10.0,6.0,18.0,13.0,13.0,18.0,17.0
Historian,14.0,7.0,6.0,18.0,11.0,11.0,18.0,17.0
Historian,12.0,6.0,6.0,19.0,14.0,14.0,19.0,17.0
Historian,13.0,5.0,6.0,19.0,14.0,11.0,18.0,17.0
Historian,11.0,7.0,6.0,20.0,12.0,11.0,16.0,17.0
Historian,14.0,9.0,6.0,20.0,13.0,11.0,15.0,17.0
Historian,12.0,6.0,6.0,16.0,11.0,11.0,19.0,17.0
Historian,13.0,10.0,6.0,15.0,14.0,11.0,20.0,17.0
Historian,11.0,5.0,6.0,16.0,14.0,11.0,19.0,17.0
Historian,14.0,7.0,6.0,17.0,14.0,11.0,19.0,17.0
Historian,12.0,7.0,6.0,17.0,14.0,11.0,18.0,17.0
Historian,13.0,10.0,10.0,17.0,12.0,11.0,16.0,17.0
Historian,11.0,7.0,7.0,18.0,13.0,11.0,15.0,17.0
Historian,14.0,6.0,6.0,18.0,11.0,11.0,19.0,17.0
Historian,12.0,5.0,5.0,19.0,14.0,11.0,20.0,17.0
Historian,13.0,7.0,7.0,19.0,14.0,11.0,19.0,17.0
Historian,11.0,9.0,9.0,20.0,12.0,11.0,19.0,17.0
Historian,14.0,6.0,6.0,20.0,13.0,11.0,18.0,17.0
Historian,12.0,10.0,10.0,16.0,11.0,11.0,16.0,17.0
Historian,13.0,7.0,8.0,15.0,14.0,11.0,15.0,17.0
Historian,11.0,6.0,8.0,16.0,14.0,11.0,19.0,17.0
Historian,14.0,5.0,10.0,17.0,14.0,11.0,20.0,17.0
Historian,12.0,7.0,7.0,17.0,12.0,11.0,19.0,17.0
Historian,13.0,9.0,6.0,17.0,13.0,11.0,18.0,17.0
Historian,11.0,6.0,5.0,18.0,11.0,11.0,16.0,17.0
Historian,14.0,10.0,7.0,18.0,14.0,11.0,15.0,17.0
Historian,12.0,9.0,9.0,19.0,14.0,11.0,19.0,17.0
Historian,13.0,9.0,6.0,19.0,14.0,11.0,20.0,17.0
Historian,11.0,10.0,10.0,20.0,14.0,11.0,19.0,17.0
Historian,14.0,7.0,8.0,20.0,14.0,11.0,18.0,17.0
Historian,12.0,6.0,5.0,16.0,12.0,11.0,16.0,17.0
Historian,13.0,5.0,10.0,15.0,13.0,11.0,15.0,17.0
Historian,11.0,7.0,7.0,16.0,11.0,11.0,19.0,17.0
Historian,14.0,9.0,6.0,17.0,14.0,11.0,20.0,16.0
Historian,12.0,6.0,5.0,17.0,13.0,11.0,19.0,16.0
Historian,13.0,10.0,7.0,17.0,14.0,11.0,18.0,16.0
Historian,11.0,9.0,9.0,18.0,12.0,11.0,16.0,16.0
Historian,14.0,9.0,6.0,18.0,13.0,11.0,15.0,16.0
Historian,12.0,10.0,10.0,19.0,11.0,13.0,19.0,16.0
Historian,13.0,7.0,10.0,19.0,14.0,13.0,20.0,16.0
Historian,11.0,6.0,7.0,20.0,13.0,13.0,19.0,16.0
Historian,14.0,5.0,6.0,20.0,14.0,13.0,18.0,16.0
Historian,12.0,7.0,5.0,16.0,12.0,13.0,16.0,16.0
Historian,13.0,9.0,7.0,15.0,13.0,13.0,15.0,16.0
Historian,11.0,6.0,9.0,16.0,11.0,13.0,19.0,16.0
Historian,14.0,10.0,6.0,17.0,14.0,13.0,20.0,16.0
Historian,12.0,6.0,10.0,15.0,11.0,13.0,19.0,16.0
Historian,11.0,6.0,5.0,17.0,13.0,13.0,18.0,16.0
Journalist,19.0,11.0,6.0,18.0,7.0,16.0,11.0,11.0
Journalist,18.0,12.0,10.0,18.0,7.0,16.0,13.0,11.0
Journalist,16.0,13.0,8.0,18.0,7.0,16.0,14.0,11.0
Journalist,15.0,14.0,5.0,18.0,7.0,16.0,12.0,11.0
Journalist,19.0,13.0,10.0,18.0,7.0,16.0,12.0,11.0
Journalist,20.0,12.0,7.0,18.0,7.0,16.0,12.0,11.0
Journalist,19.0,11.0,6.0,18.0,7.0,16.0,11.0,11.0
Journalist,19.0,11.0,5.0,18.0,7.0,16.0,13.0,11.0
Journalist,18.0,11.0,7.0,18.0,7.0,16.0,14.0,11.0
Journalist,16.0,11.0,9.0,18.0,7.0,16.0,12.0,11.0
Journalist,15.0,12.0,6.0,18.0,7.0,16.0,12.0,11.0
Journalist,19.0,13.0,10.0,18.0,7.0,16.0,12.0,11.0
Journalist,20.0,14.0,10.0,18.0,7.0,16.0,12.0,11.0
Journalist,19.0,13.0,7.0,18.0,7.0,16.0,11.0,11.0
Journalist,19.0,12.0,6.0,18.0,7.0,16.0,13.0,11.0
Journalist,18.0,13.0,5.0,18.0,7.0,16.0,14.0,11.0
Journalist,16.0,13.0,7.0,18.0,7.0,16.0,12.0,11.0
Journalist,15.0,13.0,9.0,18.0,7.0,17.0,11.0,11.0
Journalist,19.0,11.0,6.0,18.0,7.0,17.0,11.0,11.0
Journalist,20.0,12.0,10.0,18.0,7.0,17.0,11.0,11.0
Journalist,19.0,13.0,5.0,18.0,7.0,17.0,11.0,11.0
Journalist,18.0,14.0,6.0,18.0,7.0,17.0,13.0,11.0
Journalist,16.0,13.0,10.0,18.0,7.0,17.0,14.0,11.0
Journalist,15.0,12.0,8.0,19.0,7.0,17.0,12.0,11.0
Journalist,19.0,13.0,5.0,19.0,7.0,17.0,11.0,11.0
Journalist,20.0,13.0,10.0,19.0,7.0,17.0,13.0,11.0
Journalist,19.0,11.0,7.0,19.0,7.0,17.0,11.0,11.0
Journalist,18.0,12.0,6.0,19.0,7.0,17.0,13.0,11.0
Journalist,16.0,13.0,5.0,19.0,7.0,17.0,14.0,11.0
Journalist,15.0,14.0,7.0,19.0,7.0,17.0,12.0,11.0
Journalist,19.0,13.0,9.0,19.0,7.0,17.0,13.0,11.0
Journalist,20.0,12.0,6.0,19.0,7.0,17.0,13.0,11.0
Journalist,19.0,13.0,10.0,19.0,7.0,17.0,11.0,11.0
Journalist,18.0,13.0,10.0,19.0,7.0,18.0,13.0,14.0
Journalist,16.0,12.0,7.0,19.0,7.0,18.0,14.0,14.0
Journalist,15.0,11.0,6.0,19.0,7.0,18.0,12.0,14.0
Journalist,19.0,12.0,5.0,19.0,7.0,18.0,14.0,14.0
Journalist,20.0,13.0,7.0,19.0,9.0,18.0,14.0,14.0
Journalist,19.0,14.0,9.0,19.0,9.0,18.0,14.0,14.0
Journalist,18.0,13.0,6.0,15.0,9.0,18.0,14.0,14.0
Journalist,16.0,12.0,10.0,15.0,9.0,18.0,14.0,14.0
Journalist,15.0,12.0,10.0,15.0,9.0,18.0,11.0,14.0
Journalist,19.0,12.0,8.0,15.0,9.0,18.0,13.0,14.0
Journalist,20.0,12.0,5.0,15.0,9.0,18.0,14.0,13.0
Journalist,19.0,11.0,10.0,15.0,9.0,18.0,12.0,13.0
Journalist,18.0,12.0,7.0,15.0,9.0,18.0,14.0,13.0
Journalist,16.0,13.0,6.0,15.0,9.0,18.0,11.0,13.0
Journalist,15.0,14.0,5.0,15.0,9.0,18.0,13.0,13.0
Journalist,19.0,13.0,7.0,15.0,9.0,18.0,14.0,13.0
Journalist,20.0,12.0,9.0,15.0,9.0,18.0,12.0,13.0
Language Teacher,16.0,11.0,5.0,11.0,6.0,19.0,19.0,12.0
Language Teacher,17.0,13.0,5.0,11.0,5.0,20.0,19.0,12.0
Language Teacher,19.0,14.0,5.0,11.0,7.0,19.0,18.0,12.0
Language Teacher,15.0,12.0,5.0,11.0,9.0,18.0,19.0,12.0
Language Teacher,17.0,14.0,5.0,11.0,6.0,16.0,18.0,12.0
Language Teacher,19.0,11.0,5.0,11.0,10.0,15.0,19.0,12.0
Language Teacher,16.0,13.0,5.0,11.0,10.0,19.0,17.0,12.0
Language Teacher,17.0,14.0,5.0,11.0,8.0,20.0,15.0,12.0
Language Teacher,19.0,12.0,5.0,11.0,5.0,19.0,19.0,12.0
Language Teacher,15.0,11.0,5.0,11.0,10.0,18.0,16.0,12.0
Language Teacher,17.0,11.0,5.0,11.0,7.0,16.0,18.0,12.0
Language Teacher,19.0,12.0,5.0,11.0,6.0,15.0,19.0,12.0
Language Teacher,20.0,12.0,5.0,11.0,5.0,19.0,17.0,12.0
Language Teacher,16.0,12.0,5.0,11.0,7.0,20.0,15.0,12.0
Language Teacher,17.0,11.0,5.0,11.0,9.0,19.0,19.0,12.0
Language Teacher,19.0,13.0,5.0,11.0,6.0,18.0,16.0,12.0
Language Teacher,15.0,14.0,5.0,12.0,5.0,16.0,19.0,12.0
Language Teacher,17.0,12.0,5.0,12.0,7.0,15.0,19.0,12.0
Language Teacher,19.0,14.0,5.0,12.0,9.0,19.0,18.0,12.0
Language Teacher,20.0,11.0,5.0,12.0,6.0,20.0,19.0,13.0
Language Teacher,16.0,13.0,6.0,12.0,10.0,19.0,17.0,13.0
Language Teacher,17.0,14.0,6.0,12.0,10.0,18.0,15.0,13.0
Language Teacher,19.0,12.0,6.0,12.0,8.0,16.0,19.0,13.0
Language Teacher,15.0,12.0,6.0,12.0,5.0,19.0,16.0,13.0
Language Teacher,17.0,12.0,6.0,12.0,10.0,20.0,19.0,13.0
Language Teacher,19.0,13.0,6.0,12.0,7.0,19.0,17.0,13.0
Language Teacher,20.0,11.0,6.0,12.0,6.0,18.0,17.0,13.0
Language Teacher,16.0,13.0,6.0,12.0,5.0,16.0,17.0,13.0
Language Teacher,17.0,14.0,6.0,12.0,7.0,15.0,18.0,13.0
Language Teacher,19.0,12.0,6.0,12.0,9.0,19.0,19.0,13.0
Language Teacher,15.0,14.0,6.0,12.0,6.0,20.0,17.0,13.0
Language Teacher,17.0,11.0,6.0,12.0,5.0,19.0,15.0,13.0
Language Teacher,19.0,13.0,6.0,12.0,7.0,18.0,19.0,13.0
Language Teacher,20.0,14.0,6.0,13.0,9.0,16.0,16.0,14.0
Language Teacher,16.0,12.0,6.0,13.0,6.0,15.0,17.0,14.0
Language Teacher,17.0,13.0,6.0,13.0,10.0,19.0,17.0,14.0
Language Teacher,19.0,13.0,6.0,13.0,10.0,20.0,18.0,14.0
Language Teacher,15.0,11.0,6.0,13.0,8.0,19.0,19.0,14.0
Language Teacher,17.0,13.0,6.0,13.0,5.0,18.0,17.0,14.0
Language Teacher,19.0,14.0,6.0,13.0,10.0,16.0,15.0,14.0
Language Teacher,17.0,12.0,6.0,13.0,8.0,15.0,19.0,14.0
Language Teacher,17.0,14.0,6.0,13.0,5.0,19.0,16.0,14.0
Language Teacher,16.0,11.0,6.0,13.0,10.0,20.0,17.0,14.0
Language Teacher,17.0,13.0,7.0,13.0,7.0,19.0,18.0,14.0
Language Teacher,19.0,14.0,7.0,13.0,6.0,19.0,19.0,14.0
Language Teacher,15.0,12.0,7.0,14.0,5.0,20.0,17.0,14.0
Language Teacher,17.0,14.0,7.0,14.0,7.0,19.0,15.0,14.0
Language Teacher,19.0,11.0,7.0,14.0,9.0,18.0,19.0,14.0
Language Teacher,18.0,12.0,7.0,14.0,6.0,16.0,16.0,14.0
Language Teacher,16.0,14.0,7.0,14.0,5.0,15.0,17.0,14.0
Poet,19.0,20.0,11.0,5.0,9.0,12.0,17.0,12.0
Poet,18.0,20.0,11.0,10.0,9.0,12.0,15.0,11.0
Poet,17.0,20.0,13.0,8.0,9.0,12.0,16.0,13.0
Poet,15.0,20.0,11.0,5.0,9.0,12.0,19.0,11.0
Poet,16.0,20.0,14.0,10.0,9.0,12.0,17.0,14.0
Poet,19.0,20.0,12.0,7.0,9.0,12.0,15.0,12.0
Poet,18.0,20.0,11.0,6.0,9.0,12.0,17.0,11.0
Poet,19.0,20.0,11.0,5.0,9.0,12.0,15.0,13.0
Poet,19.0,20.0,11.0,7.0,9.0,12.0,16.0,11.0
Poet,17.0,20.0,13.0,9.0,9.0,12.0,19.0,14.0
Poet,15.0,20.0,11.0,6.0,9.0,12.0,17.0,12.0
Poet,16.0,20.0,14.0,5.0,9.0,12.0,15.0,11.0
Poet,19.0,20.0,12.0,10.0,9.0,12.0,17.0,13.0
Poet,18.0,20.0,11.0,8.0,9.0,12.0,15.0,11.0
Poet,19.0,20.0,11.0,5.0,9.0,12.0,16.0,14.0
Poet,19.0,19.0,11.0,10.0,9.0,12.0,19.0,12.0
Poet,19.0,19.0,13.0,7.0,9.0,12.0,17.0,11.0
Poet,19.0,19.0,11.0,6.0,9.0,12.0,15.0,13.0
Poet,19.0,19.0,14.0,5.0,9.0,13.0,17.0,11.0
Poet,17.0,19.0,12.0,7.0,9.0,13.0,15.0,14.0
Poet,15.0,19.0,11.0,9.0,9.0,13.0,16.0,12.0
Poet,16.0,19.0,11.0,6.0,9.0,13.0,19.0,11.0
Poet,19.0,19.0,13.0,5.0,9.0,13.0,17.0,13.0
Poet,18.0,19.0,11.0,10.0,9.0,13.0,15.0,11.0
Poet,19.0,19.0,14.0,8.0,8.0,13.0,17.0,14.0
Poet,19.0,19.0,12.0,5.0,8.0,13.0,15.0,12.0
Poet,19.0,19.0,11.0,10.0,8.0,13.0,16.0,11.0
Poet,19.0,18.0,12.0,7.0,8.0,13.0,19.0,13.0
Poet,18.0,18.0,11.0,6.0,8.0,13.0,17.0,11.0
Poet,18.0,18.0,13.0,5.0,8.0,13.0,15.0,14.0
Poet,17.0,18.0,11.0,7.0,8.0,14.0,17.0,12.0
Poet,15.0,18.0,14.0,9.0,8.0,14.0,15.0,11.0
Poet,16.0,18.0,12.0,6.0,8.0,14.0,16.0,13.0
Poet,19.0,18.0,11.0,5.0,8.0,14.0,19.0,11.0
Poet,17.0,18.0,12.0,10.0,8.0,14.0,17.0,14.0
Poet,15.0,18.0,11.0,8.0,8.0,14.0,15.0,12.0
Poet,16.0,18.0,13.0,5.0,8.0,14.0,17.0,11.0
Poet,19.0,18.0,11.0,10.0,8.0,14.0,15.0,13.0
Poet,18.0,18.0,14.0,7.0,8.0,14.0,16.0,11.0
Poet,18.0,18.0,12.0,5.0,7.0,14.0,19.0,11.0
Poet,18.0,18.0,11.0,10.0,7.0,14.0,17.0,13.0
Poet,18.0,18.0,13.0,8.0,6.0,14.0,15.0,11.0
Poet,17.0,18.0,11.0,5.0,6.0,14.0,17.0,14.0
Poet,15.0,18.0,13.0,10.0,7.0,11.0,15.0,12.0
Poet,16.0,18.0,11.0,7.0,5.0,11.0,17.0,11.0
Poet,19.0,18.0,14.0,6.0,9.0,11.0,15.0,13.0
Poet,18.0,18.0,12.0,5.0,8.0,11.0,16.0,11.0
Poet,17.0,18.0,11.0,7.0,7.0,11.0,19.0,14.0
Poet,17.0,18.0,13.0,9.0,7.0,11.0,17.0,12.0
Poet,17.0,18.0,14.0,6.0,7.0,11.0,15.0,11.0
Broadcaster,17.0,11.0,19.0,11.0,8.0,18.0,7.0,12.0
Broadcaster,18.0,14.0,19.0,11.0,5.0,15.0,8.0,12.0
Broadcaster,19.0,13.0,19.0,14.0,10.0,17.0,5.0,12.0
Broadcaster,20.0,11.0,19.0,13.0,7.0,19.0,10.0,12.0
Broadcaster,19.0,11.0,19.0,12.0,6.0,20.0,7.0,12.0
Broadcaster,18.0,11.0,19.0,12.0,8.0,18.0,6.0,12.0
Broadcaster,17.0,11.0,19.0,12.0,5.0,18.0,8.0,12.0
Broadcaster,16.0,14.0,19.0,12.0,10.0,15.0,5.0,12.0
Broadcaster,17.0,13.0,19.0,11.0,7.0,17.0,10.0,12.0
Broadcaster,18.0,11.0,19.0,11.0,6.0,19.0,7.0,12.0
Broadcaster,19.0,11.0,19.0,14.0,8.0,20.0,6.0,12.0
Broadcaster,20.0,11.0,19.0,13.0,5.0,18.0,8.0,11.0
Broadcaster,19.0,11.0,19.0,12.0,10.0,18.0,5.0,11.0
Broadcaster,18.0,14.0,19.0,12.0,7.0,15.0,10.0,11.0
Broadcaster,17.0,13.0,19.0,12.0,6.0,17.0,7.0,11.0
Broadcaster,16.0,11.0,19.0,12.0,8.0,19.0,6.0,11.0
Broadcaster,17.0,11.0,19.0,12.0,5.0,20.0,8.0,11.0
Broadcaster,18.0,11.0,19.0,13.0,10.0,18.0,5.0,11.0
Broadcaster,19.0,14.0,19.0,11.0,7.0,18.0,10.0,11.0
Broadcaster,20.0,13.0,16.0,11.0,6.0,15.0,7.0,11.0
Broadcaster,19.0,11.0,16.0,14.0,8.0,17.0,6.0,11.0
Broadcaster,18.0,12.0,16.0,13.0,5.0,19.0,8.0,11.0
Broadcaster,17.0,11.0,16.0,13.0,10.0,20.0,5.0,11.0
Broadcaster,16.0,14.0,16.0,13.0,7.0,18.0,10.0,13.0
Broadcaster,17.0,13.0,16.0,13.0,6.0,15.0,7.0,13.0
Broadcaster,18.0,11.0,16.0,13.0,8.0,17.0,6.0,13.0
Broadcaster,19.0,12.0,16.0,11.0,5.0,19.0,5.0,13.0
Broadcaster,20.0,11.0,16.0,11.0,10.0,20.0,8.0,13.0
Broadcaster,19.0,14.0,16.0,14.0,7.0,18.0,5.0,13.0
Broadcaster,18.0,13.0,16.0,13.0,6.0,15.0,10.0,13.0
Broadcaster,17.0,11.0,16.0,14.0,8.0,17.0,7.0,13.0
Broadcaster,16.0,12.0,16.0,14.0,5.0,19.0,6.0,13.0
Broadcaster,17.0,11.0,16.0,14.0,10.0,20.0,8.0,13.0
Broadcaster,18.0,14.0,16.0,14.0,7.0,18.0,5.0,13.0
Broadcaster,19.0,13.0,16.0,14.0,6.0,15.0,10.0,13.0
Broadcaster,20.0,11.0,16.0,11.0,8.0,17.0,7.0,13.0
Broadcaster,19.0,13.0,16.0,11.0,5.0,19.0,6.0,13.0
Broadcaster,18.0,11.0,17.0,14.0,10.0,20.0,8.0,13.0
Broadcaster,17.0,14.0,17.0,13.0,7.0,17.0,5.0,13.0
Broadcaster,16.0,13.0,17.0,11.0,6.0,18.0,10.0,14.0
Broadcaster,16.0,11.0,17.0,11.0,8.0,15.0,7.0,14.0
Broadcaster,17.0,14.0,17.0,11.0,5.0,17.0,6.0,14.0
Broadcaster,18.0,11.0,17.0,14.0,10.0,19.0,8.0,14.0
Broadcaster,19.0,14.0,17.0,13.0,7.0,20.0,5.0,14.0
Broadcaster,20.0,13.0,17.0,11.0,6.0,17.0,10.0,14.0
Broadcaster,19.0,11.0,17.0,11.0,8.0,18.0,7.0,14.0
Broadcaster,18.0,14.0,17.0,11.0,5.0,15.0,6.0,14.0
Broadcaster,17.0,13.0,17.0,14.0,10.0,17.0,9.0,14.0
Broadcaster,16.0,11.0,17.0,13.0,7.0,19.0,8.0,14.0
Broadcaster,17.0,11.0,17.0,11.0,6.0,20.0,7.0,14.0
Artist,12.0,18.0,12.0,5.0,10.0,12.0,15.0,18.0
Artist,13.0,19.0,13.0,5.0,9.0,12.0,15.0,15.0
Artist,14.0,18.0,14.0,6.0,7.0,12.0,15.0,17.0
Artist,11.0,15.0,11.0,6.0,6.0,12.0,15.0,19.0
Artist,14.0,17.0,12.0,7.0,5.0,12.0,15.0,20.0
Artist,13.0,18.0,12.0,7.0,9.0,12.0,15.0,18.0
Artist,12.0,20.0,13.0,8.0,8.0,12.0,15.0,15.0
Artist,11.0,18.0,14.0,8.0,7.0,12.0,15.0,17.0
Artist,12.0,19.0,11.0,9.0,6.0,12.0,15.0,19.0
Artist,13.0,18.0,12.0,9.0,5.0,12.0,15.0,20.0
Artist,14.0,15.0,12.0,5.0,9.0,12.0,15.0,18.0
Artist,11.0,17.0,13.0,5.0,10.0,12.0,15.0,15.0
Artist,14.0,18.0,14.0,5.0,10.0,12.0,15.0,17.0
Artist,13.0,20.0,11.0,6.0,9.0,12.0,15.0,19.0
Artist,12.0,18.0,12.0,6.0,7.0,12.0,15.0,20.0
Artist,11.0,18.0,13.0,7.0,6.0,12.0,15.0,18.0
Artist,12.0,19.0,14.0,7.0,5.0,12.0,17.0,15.0
Artist,13.0,18.0,11.0,8.0,9.0,12.0,17.0,17.0
Artist,14.0,15.0,12.0,8.0,8.0,12.0,17.0,19.0
Artist,11.0,17.0,12.0,9.0,7.0,12.0,17.0,20.0
Artist,14.0,18.0,13.0,9.0,6.0,12.0,17.0,18.0
Artist,13.0,20.0,14.0,5.0,5.0,12.0,17.0,15.0
Artist,12.0,19.0,11.0,5.0,9.0,12.0,17.0,17.0
Artist,11.0,18.0,14.0,6.0,10.0,13.0,17.0,19.0
Artist,12.0,19.0,12.0,6.0,10.0,13.0,17.0,20.0
Artist,13.0,18.0,13.0,7.0,9.0,13.0,17.0,18.0
Artist,14.0,15.0,14.0,7.0,7.0,13.0,17.0,15.0
Artist,11.0,17.0,11.0,8.0,6.0,13.0,17.0,17.0
Artist,14.0,18.0,14.0,8.0,5.0,13.0,17.0,19.0
Artist,13.0,20.0,12.0,9.0,9.0,13.0,17.0,20.0
Artist,12.0,16.0,13.0,9.0,8.0,13.0,17.0,18.0
Artist,11.0,18.0,14.0,7.0,7.0,13.0,18.0,18.0
Artist,13.0,19.0,11.0,7.0,6.0,13.0,18.0,15.0
Artist,12.0,18.0,12.0,5.0,5.0,13.0,18.0,17.0
Artist,13.0,15.0,13.0,5.0,9.0,13.0,18.0,19.0
Artist,14.0,17.0,14.0,6.0,10.0,13.0,18.0,20.0
Artist,11.0,18.0,11.0,6.0,10.0,14.0,18.0,18.0
Artist,14.0,20.0,14.0,7.0,9.0,14.0,18.0,15.0
Artist,13.0,16.0,12.0,7.0,7.0,14.0,18.0,17.0
Artist,12.0,18.0,13.0,5.0,6.0,14.0,18.0,19.0
Artist,11.0,19.0,14.0,5.0,5.0,14.0,18.0,20.0
Artist,13.0,18.0,11.0,6.0,9.0,14.0,18.0,18.0
Artist,12.0,15.0,11.0,6.0,8.0,14.0,18.0,15.0
Artist,13.0,17.0,12.0,7.0,7.0,14.0,18.0,17.0
Artist,14.0,18.0,13.0,7.0,6.0,14.0,18.0,19.0
Artist,11.0,20.0,14.0,8.0,5.0,14.0,20.0,18.0
Artist,14.0,17.0,12.0,8.0,9.0,14.0,20.0,15.0
Artist,13.0,16.0,13.0,9.0,10.0,14.0,20.0,17.0
Artist,12.0,19.0,14.0,6.0,8.0,14.0,20.0,19.0
Artist,11.0,17.0,11.0,9.0,7.0,14.0,20.0,20.0
Graphic Designer,11.0,5.0,5.0,20.0,19.0,11.0,13.0,10.0
Graphic Designer,12.0,6.0,6.0,18.0,19.0,11.0,13.0,10.0
Graphic Designer,14.0,7.0,5.0,17.0,19.0,11.0,13.0,10.0
Graphic Designer,11.0,5.0,7.0,16.0,19.0,11.0,13.0,10.0
Graphic Designer,12.0,6.0,8.0,16.0,19.0,11.0,13.0,10.0
Graphic Designer,14.0,7.0,7.0,15.0,19.0,11.0,13.0,10.0
Graphic Designer,11.0,5.0,8.0,20.0,19.0,11.0,13.0,10.0
Graphic Designer,12.0,6.0,9.0,18.0,19.0,11.0,13.0,10.0
Graphic Designer,14.0,7.0,10.0,17.0,19.0,11.0,13.0,10.0
Graphic Designer,11.0,5.0,5.0,16.0,19.0,11.0,13.0,10.0
Graphic Designer,12.0,6.0,6.0,16.0,18.0,11.0,13.0,10.0
Graphic Designer,14.0,7.0,5.0,15.0,18.0,11.0,13.0,10.0
Graphic Designer,11.0,6.0,7.0,20.0,18.0,11.0,13.0,6.0
Graphic Designer,12.0,8.0,8.0,18.0,18.0,11.0,13.0,6.0
Graphic Designer,14.0,9.0,7.0,17.0,18.0,11.0,13.0,6.0
Graphic Designer,11.0,10.0,8.0,16.0,18.0,11.0,13.0,6.0
Graphic Designer,12.0,7.0,9.0,16.0,18.0,11.0,13.0,6.0
Graphic Designer,14.0,6.0,10.0,15.0,18.0,11.0,14.0,6.0
Graphic Designer,11.0,8.0,5.0,20.0,18.0,11.0,14.0,6.0
Graphic Designer,12.0,9.0,6.0,18.0,18.0,14.0,14.0,6.0
Graphic Designer,14.0,10.0,5.0,17.0,18.0,14.0,14.0,6.0
Graphic Designer,11.0,7.0,7.0,16.0,18.0,14.0,14.0,6.0
Graphic Designer,12.0,6.0,8.0,16.0,17.0,14.0,14.0,6.0
Graphic Designer,14.0,8.0,7.0,15.0,17.0,14.0,14.0,6.0
Graphic Designer,14.0,9.0,8.0,20.0,17.0,14.0,12.0,6.0
Graphic Designer,13.0,10.0,9.0,18.0,17.0,14.0,12.0,6.0
Graphic Designer,12.0,7.0,10.0,17.0,17.0,14.0,12.0,6.0
Graphic Designer,11.0,6.0,5.0,16.0,17.0,11.0,12.0,6.0
Graphic Designer,12.0,8.0,6.0,16.0,17.0,11.0,12.0,6.0
Graphic Designer,14.0,9.0,5.0,15.0,17.0,11.0,12.0,8.0
Graphic Designer,14.0,10.0,7.0,20.0,17.0,11.0,12.0,8.0
Graphic Designer,13.0,7.0,8.0,18.0,17.0,11.0,12.0,8.0
Graphic Designer,12.0,6.0,7.0,17.0,15.0,11.0,12.0,8.0
Graphic Designer,11.0,8.0,8.0,16.0,15.0,11.0,12.0,8.0
Graphic Designer,12.0,9.0,9.0,16.0,15.0,12.0,12.0,8.0
Graphic Designer,14.0,10.0,10.0,15.0,15.0,12.0,13.0,8.0
Graphic Designer,14.0,7.0,5.0,20.0,15.0,12.0,13.0,8.0
Graphic Designer,13.0,6.0,6.0,18.0,15.0,12.0,13.0,8.0
Graphic Designer,12.0,8.0,5.0,17.0,15.0,12.0,13.0,8.0
Graphic Designer,11.0,9.0,7.0,16.0,15.0,12.0,13.0,8.0
Graphic Designer,12.0,10.0,8.0,16.0,15.0,13.0,13.0,8.0
Graphic Designer,14.0,7.0,7.0,15.0,15.0,13.0,13.0,8.0
Graphic Designer,14.0,6.0,8.0,20.0,15.0,13.0,13.0,8.0
Graphic Designer,13.0,8.0,9.0,18.0,15.0,13.0,13.0,8.0
Graphic Designer,12.0,9.0,10.0,17.0,19.0,13.0,12.0,8.0
Graphic Designer,11.0,10.0,5.0,16.0,19.0,13.0,12.0,8.0
Graphic Designer,14.0,7.0,6.0,16.0,19.0,13.0,12.0,8.0
Graphic Designer,13.0,6.0,7.0,15.0,19.0,13.0,12.0,8.0
Graphic Designer,12.0,8.0,8.0,17.0,19.0,13.0,12.0,8.0
Graphic Designer,11.0,9.0,9.0,18.0,19.0,13.0,12.0,8.0
Fashion Designer,5.0,7.0,11.0,11.0,10.0,18.0,16.0,15.0
Fashion Designer,6.0,7.0,12.0,11.0,9.0,18.0,16.0,15.0
Fashion Designer,7.0,8.0,14.0,11.0,8.0,18.0,16.0,15.0
Fashion Designer,8.0,8.0,11.0,11.0,7.0,18.0,16.0,15.0
Fashion Designer,8.0,9.0,12.0,11.0,10.0,18.0,16.0,15.0
Fashion Designer,7.0,9.0,14.0,11.0,9.0,18.0,16.0,15.0
Fashion Designer,6.0,7.0,11.0,11.0,8.0,18.0,16.0,15.0
Fashion Designer,5.0,7.0,12.0,11.0,7.0,18.0,16.0,15.0
Fashion Designer,5.0,8.0,14.0,11.0,10.0,18.0,16.0,15.0
Fashion Designer,6.0,8.0,11.0,11.0,9.0,18.0,16.0,15.0
Fashion Designer,7.0,9.0,12.0,11.0,8.0,18.0,16.0,15.0
Fashion Designer,8.0,9.0,14.0,13.0,7.0,18.0,16.0,15.0
Fashion Designer,8.0,7.0,11.0,13.0,10.0,18.0,16.0,15.0
Fashion Designer,7.0,7.0,12.0,13.0,9.0,18.0,16.0,15.0
Fashion Designer,6.0,8.0,14.0,13.0,8.0,18.0,16.0,15.0
Fashion Designer,5.0,8.0,11.0,13.0,7.0,18.0,16.0,15.0
Fashion Designer,5.0,9.0,12.0,13.0,10.0,18.0,16.0,15.0
Fashion Designer,6.0,9.0,14.0,13.0,9.0,18.0,16.0,15.0
Fashion Designer,7.0,7.0,11.0,13.0,8.0,18.0,16.0,15.0
Fashion Designer,8.0,7.0,12.0,13.0,7.0,18.0,16.0,15.0
Fashion Designer,8.0,8.0,14.0,13.0,10.0,18.0,16.0,15.0
Fashion Designer,7.0,8.0,11.0,13.0,9.0,18.0,16.0,15.0
Fashion Designer,6.0,9.0,12.0,14.0,8.0,18.0,16.0,15.0
Fashion Designer,5.0,9.0,14.0,14.0,7.0,18.0,16.0,15.0
Fashion Designer,5.0,7.0,14.0,14.0,10.0,18.0,16.0,15.0
Fashion Designer,6.0,7.0,13.0,14.0,9.0,18.0,16.0,15.0
Fashion Designer,7.0,8.0,12.0,14.0,8.0,18.0,16.0,15.0
Fashion Designer,8.0,8.0,11.0,14.0,7.0,18.0,16.0,15.0
Fashion Designer,8.0,9.0,12.0,14.0,10.0,18.0,16.0,15.0
Fashion Designer,7.0,9.0,14.0,14.0,9.0,18.0,16.0,15.0
Fashion Designer,6.0,7.0,14.0,14.0,8.0,18.0,16.0,15.0
Fashion Designer,5.0,7.0,13.0,14.0,7.0,18.0,16.0,15.0
Fashion Designer,5.0,8.0,12.0,14.0,10.0,18.0,16.0,15.0
Fashion Designer,6.0,8.0,11.0,13.0,9.0,18.0,16.0,15.0
Fashion Designer,7.0,9.0,12.0,13.0,8.0,18.0,16.0,15.0
Fashion Designer,8.0,9.0,14.0,13.0,7.0,18.0,16.0,15.0
Fashion Designer,8.0,7.0,14.0,13.0,10.0,18.0,16.0,15.0
Fashion Designer,7.0,7.0,13.0,13.0,9.0,18.0,16.0,15.0
Fashion Designer,6.0,8.0,12.0,13.0,8.0,18.0,16.0,15.0
Fashion Designer,5.0,8.0,11.0,13.0,7.0,18.0,16.0,15.0
Fashion Designer,5.0,9.0,12.0,13.0,10.0,18.0,16.0,15.0
Fashion Designer,6.0,9.0,14.0,12.0,9.0,18.0,16.0,15.0
Fashion Designer,7.0,7.0,14.0,12.0,8.0,18.0,16.0,15.0
Fashion Designer,8.0,7.0,13.0,12.0,7.0,18.0,16.0,15.0
Fashion Designer,8.0,8.0,12.0,12.0,10.0,18.0,16.0,15.0
Fashion Designer,7.0,8.0,11.0,12.0,9.0,18.0,16.0,15.0
Fashion Designer,6.0,9.0,14.0,12.0,8.0,18.0,16.0,15.0
Fashion Designer,5.0,9.0,13.0,12.0,7.0,18.0,16.0,15.0
Fashion Designer,6.0,8.0,12.0,12.0,6.0,18.0,16.0,15.0
Fashion Designer,8.0,6.0,11.0,12.0,7.0,18.0,16.0,15.0
Interior Decorator,11.0,7.0,5.0,20.0,16.0,17.0,12.0,14.0
Interior Decorator,12.0,7.0,6.0,19.0,16.0,17.0,12.0,14.0
Interior Decorator,13.0,7.0,7.0,18.0,16.0,17.0,12.0,14.0
Interior Decorator,12.0,7.0,8.0,17.0,16.0,17.0,12.0,14.0
Interior Decorator,14.0,7.0,8.0,16.0,16.0,17.0,12.0,14.0
Interior Decorator,11.0,7.0,7.0,15.0,16.0,17.0,12.0,14.0
Interior Decorator,12.0,7.0,6.0,20.0,16.0,17.0,12.0,14.0
Interior Decorator,13.0,7.0,5.0,19.0,16.0,17.0,12.0,14.0
Interior Decorator,12.0,7.0,5.0,18.0,16.0,17.0,12.0,14.0
Interior Decorator,14.0,7.0,6.0,17.0,16.0,17.0,12.0,14.0
Interior Decorator,11.0,7.0,7.0,16.0,16.0,17.0,13.0,14.0
Interior Decorator,12.0,7.0,8.0,15.0,16.0,17.0,13.0,11.0
Interior Decorator,13.0,7.0,8.0,20.0,16.0,17.0,13.0,11.0
Interior Decorator,12.0,7.0,7.0,19.0,16.0,18.0,13.0,11.0
Interior Decorator,14.0,7.0,6.0,18.0,16.0,18.0,13.0,11.0
Interior Decorator,11.0,7.0,5.0,17.0,16.0,18.0,13.0,11.0
Interior Decorator,12.0,7.0,5.0,16.0,15.0,18.0,13.0,11.0
Interior Decorator,13.0,7.0,6.0,15.0,15.0,18.0,13.0,11.0
Interior Decorator,12.0,7.0,7.0,20.0,15.0,18.0,13.0,11.0
Interior Decorator,14.0,7.0,8.0,19.0,15.0,18.0,13.0,11.0
Interior Decorator,11.0,7.0,8.0,18.0,15.0,18.0,13.0,11.0
Interior Decorator,12.0,7.0,7.0,17.0,15.0,18.0,12.0,11.0
Interior Decorator,13.0,7.0,6.0,16.0,15.0,18.0,12.0,13.0
Interior Decorator,12.0,7.0,5.0,15.0,15.0,18.0,12.0,13.0
Interior Decorator,14.0,7.0,5.0,20.0,15.0,18.0,12.0,13.0
Interior Decorator,11.0,7.0,6.0,19.0,15.0,18.0,12.0,13.0
Interior Decorator,12.0,7.0,7.0,18.0,15.0,15.0,12.0,13.0
Interior Decorator,13.0,7.0,8.0,17.0,15.0,15.0,12.0,13.0
Interior Decorator,12.0,7.0,8.0,16.0,15.0,15.0,12.0,13.0
Interior Decorator,14.0,7.0,7.0,15.0,15.0,15.0,12.0,13.0
Interior Decorator,11.0,7.0,6.0,20.0,15.0,15.0,12.0,13.0
Interior Decorator,12.0,7.0,5.0,19.0,15.0,15.0,12.0,13.0
Interior Decorator,13.0,7.0,5.0,18.0,18.0,15.0,14.0,11.0
Interior Decorator,12.0,7.0,6.0,17.0,18.0,15.0,14.0,11.0
Interior Decorator,14.0,7.0,7.0,16.0,18.0,15.0,14.0,11.0
Interior Decorator,11.0,7.0,8.0,15.0,18.0,19.0,14.0,11.0
Interior Decorator,12.0,7.0,8.0,20.0,18.0,19.0,14.0,11.0
Interior Decorator,13.0,7.0,7.0,19.0,18.0,19.0,14.0,11.0
Interior Decorator,12.0,7.0,6.0,18.0,18.0,19.0,14.0,11.0
Interior Decorator,14.0,7.0,5.0,17.0,18.0,19.0,14.0,11.0
Interior Decorator,11.0,7.0,5.0,16.0,18.0,19.0,14.0,11.0
Interior Decorator,12.0,7.0,6.0,15.0,18.0,19.0,14.0,11.0
Interior Decorator,13.0,7.0,7.0,20.0,18.0,19.0,14.0,11.0
Interior Decorator,12.0,7.0,8.0,19.0,18.0,19.0,14.0,11.0
Interior Decorator,14.0,7.0,8.0,18.0,18.0,19.0,14.0,11.0
Interior Decorator,11.0,7.0,7.0,17.0,19.0,19.0,14.0,11.0
Interior Decorator,12.0,7.0,6.0,16.0,19.0,19.0,14.0,11.0
Interior Decorator,13.0,7.0,5.0,15.0,19.0,19.0,14.0,11.0
Interior Decorator,12.0,7.0,6.0,17.0,19.0,19.0,14.0,11.0
Interior Decorator,14.0,7.0,8.0,16.0,19.0,19.0,14.0,11.0
Pilot,6.0,5.0,18.0,19.0,11.0,13.0,7.0,20.0
Pilot,6.0,6.0,17.0,19.0,12.0,13.0,7.0,19.0
Pilot,6.0,7.0,16.0,19.0,13.0,13.0,8.0,18.0
Pilot,6.0,8.0,16.0,19.0,12.0,13.0,8.0,17.0
Pilot,6.0,8.0,18.0,19.0,14.0,13.0,7.0,20.0
Pilot,6.0,7.0,17.0,19.0,11.0,13.0,6.0,19.0
Pilot,6.0,6.0,16.0,19.0,12.0,13.0,5.0,18.0
Pilot,6.0,5.0,16.0,19.0,13.0,13.0,5.0,17.0
Pilot,6.0,5.0,18.0,19.0,12.0,13.0,6.0,20.0
Pilot,6.0,6.0,17.0,19.0,14.0,13.0,7.0,19.0
Pilot,6.0,7.0,16.0,19.0,11.0,13.0,8.0,18.0
Pilot,6.0,8.0,16.0,19.0,12.0,13.0,7.0,17.0
Pilot,6.0,8.0,18.0,19.0,13.0,13.0,6.0,20.0
Pilot,8.0,7.0,17.0,19.0,12.0,13.0,7.0,19.0
Pilot,8.0,6.0,16.0,19.0,14.0,13.0,7.0,18.0
Pilot,8.0,5.0,16.0,19.0,11.0,13.0,9.0,17.0
Pilot,8.0,5.0,18.0,19.0,12.0,13.0,9.0,20.0
Pilot,8.0,6.0,17.0,19.0,13.0,13.0,8.0,19.0
Pilot,8.0,7.0,16.0,19.0,12.0,13.0,8.0,18.0
Pilot,8.0,8.0,16.0,17.0,14.0,13.0,7.0,17.0
Pilot,8.0,8.0,16.0,17.0,11.0,14.0,6.0,20.0
Pilot,8.0,7.0,16.0,17.0,12.0,14.0,9.0,19.0
Pilot,8.0,6.0,18.0,17.0,13.0,14.0,5.0,18.0
Pilot,8.0,5.0,17.0,17.0,12.0,14.0,5.0,17.0
Pilot,8.0,5.0,16.0,17.0,14.0,14.0,6.0,20.0
Pilot,8.0,6.0,16.0,17.0,11.0,14.0,7.0,19.0
Pilot,9.0,7.0,18.0,17.0,12.0,14.0,7.0,18.0
Pilot,9.0,8.0,17.0,17.0,13.0,14.0,6.0,17.0
Pilot,9.0,8.0,16.0,17.0,12.0,14.0,8.0,20.0
Pilot,9.0,7.0,16.0,17.0,14.0,14.0,8.0,19.0
Pilot,9.0,6.0,16.0,17.0,11.0,14.0,8.0,18.0
Pilot,9.0,5.0,16.0,17.0,12.0,14.0,8.0,17.0
Pilot,9.0,5.0,18.0,15.0,13.0,14.0,8.0,20.0
Pilot,9.0,6.0,17.0,15.0,12.0,14.0,7.0,19.0
Pilot,9.0,7.0,16.0,15.0,14.0,14.0,6.0,18.0
Pilot,10.0,8.0,16.0,15.0,11.0,12.0,5.0,17.0
Pilot,10.0,8.0,18.0,15.0,12.0,12.0,5.0,20.0
Pilot,10.0,7.0,17.0,15.0,13.0,12.0,6.0,19.0
Pilot,10.0,6.0,16.0,15.0,12.0,12.0,7.0,18.0
Pilot,10.0,5.0,16.0,15.0,14.0,12.0,8.0,17.0
Pilot,10.0,5.0,16.0,15.0,11.0,12.0,5.0,20.0
Pilot,10.0,6.0,16.0,15.0,12.0,12.0,5.0,19.0
Pilot,5.0,7.0,18.0,15.0,13.0,12.0,6.0,18.0
Pilot,5.0,8.0,17.0,15.0,12.0,12.0,7.0,17.0
Pilot,5.0,8.0,16.0,15.0,14.0,12.0,5.0,20.0
Pilot,5.0,7.0,16.0,15.0,11.0,12.0,5.0,19.0
Pilot,5.0,6.0,18.0,15.0,12.0,12.0,5.0,18.0
Pilot,6.0,5.0,17.0,15.0,13.0,12.0,6.0,17.0
Pilot,7.0,6.0,16.0,15.0,12.0,12.0,7.0,16.0
Pilot,5.0,8.0,16.0,15.0,14.0,12.0,5.0,17.0
Psychologist,12.0,11.0,5.0,20.0,7.0,18.0,20.0,13.0
Psychologist,12.0,12.0,5.0,20.0,7.0,17.0,17.0,13.0
Psychologist,12.0,13.0,5.0,20.0,7.0,20.0,20.0,12.0
Psychologist,12.0,12.0,5.0,20.0,7.0,19.0,19.0,12.0
Psychologist,12.0,14.0,5.0,19.0,7.0,18.0,18.0,14.0
Psychologist,12.0,11.0,5.0,18.0,7.0,17.0,17.0,11.0
Psychologist,11.0,12.0,5.0,17.0,7.0,20.0,20.0,11.0
Psychologist,12.0,13.0,5.0,20.0,7.0,18.0,19.0,13.0
Psychologist,13.0,12.0,5.0,19.0,7.0,17.0,18.0,13.0
Psychologist,12.0,14.0,5.0,18.0,7.0,20.0,20.0,12.0
Psychologist,14.0,11.0,5.0,17.0,7.0,19.0,17.0,12.0
Psychologist,11.0,12.0,5.0,20.0,7.0,18.0,20.0,14.0
Psychologist,12.0,13.0,5.0,20.0,7.0,17.0,19.0,11.0
Psychologist,13.0,12.0,5.0,20.0,7.0,20.0,18.0,11.0
Psychologist,12.0,14.0,5.0,20.0,7.0,18.0,17.0,13.0
Psychologist,14.0,11.0,5.0,20.0,7.0,17.0,20.0,13.0
Psychologist,11.0,11.0,5.0,19.0,7.0,20.0,19.0,12.0
Psychologist,12.0,11.0,5.0,19.0,6.0,19.0,18.0,12.0
Psychologist,13.0,11.0,5.0,19.0,6.0,18.0,20.0,14.0
Psychologist,12.0,11.0,5.0,19.0,6.0,17.0,17.0,11.0
Psychologist,14.0,11.0,5.0,19.0,6.0,20.0,20.0,11.0
Psychologist,14.0,12.0,5.0,19.0,6.0,18.0,19.0,13.0
Psychologist,14.0,12.0,5.0,18.0,6.0,17.0,18.0,13.0
Psychologist,14.0,11.0,6.0,17.0,6.0,20.0,17.0,13.0
Psychologist,14.0,12.0,6.0,20.0,6.0,19.0,20.0,12.0
Psychologist,14.0,13.0,6.0,19.0,6.0,18.0,19.0,12.0
Psychologist,14.0,12.0,6.0,18.0,6.0,17.0,18.0,14.0
Psychologist,14.0,14.0,6.0,17.0,6.0,20.0,20.0,11.0
Psychologist,11.0,11.0,6.0,19.0,6.0,18.0,17.0,11.0
Psychologist,12.0,12.0,6.0,19.0,6.0,17.0,20.0,13.0
Psychologist,13.0,13.0,6.0,19.0,6.0,20.0,19.0,13.0
Psychologist,12.0,12.0,6.0,19.0,9.0,19.0,18.0,13.0
Psychologist,14.0,14.0,6.0,18.0,9.0,18.0,17.0,12.0
Psychologist,11.0,11.0,6.0,17.0,9.0,17.0,20.0,12.0
Psychologist,12.0,12.0,6.0,20.0,9.0,20.0,19.0,14.0
Psychologist,13.0,13.0,6.0,19.0,9.0,18.0,18.0,11.0
Psychologist,12.0,12.0,6.0,18.0,9.0,17.0,20.0,11.0
Psychologist,14.0,14.0,6.0,17.0,9.0,20.0,17.0,13.0
Psychologist,11.0,11.0,6.0,18.0,9.0,19.0,20.0,13.0
Psychologist,12.0,11.0,6.0,18.0,9.0,18.0,19.0,13.0
Psychologist,13.0,11.0,6.0,18.0,9.0,17.0,18.0,12.0
Psychologist,12.0,11.0,9.0,19.0,9.0,20.0,17.0,12.0
Psychologist,14.0,11.0,9.0,18.0,10.0,18.0,20.0,14.0
Psychologist,13.0,11.0,9.0,17.0,10.0,17.0,19.0,13.0
Psychologist,12.0,11.0,9.0,20.0,10.0,20.0,20.0,13.0
Psychologist,13.0,12.0,9.0,19.0,10.0,19.0,19.0,12.0
Psychologist,12.0,13.0,9.0,18.0,10.0,18.0,18.0,12.0
Psychologist,14.0,12.0,9.0,17.0,10.0,17.0,17.0,14.0
Psychologist,13.0,14.0,9.0,17.0,10.0,20.0,18.0,11.0
Psychologist,13.0,11.0,9.0,17.0,10.0,17.0,15.0,11.0
Philosopher,12.0,5.0,7.0,20.0,5.0,18.0,20.0,12.0
Philosopher,12.0,5.0,7.0,19.0,5.0,19.0,19.0,12.0
Philosopher,13.0,5.0,8.0,18.0,5.0,18.0,18.0,12.0
Philosopher,13.0,5.0,8.0,17.0,5.0,17.0,17.0,12.0
Philosopher,12.0,5.0,9.0,16.0,5.0,20.0,16.0,12.0
Philosopher,12.0,5.0,9.0,15.0,5.0,19.0,15.0,12.0
Philosopher,14.0,7.0,7.0,20.0,5.0,18.0,20.0,12.0
Philosopher,11.0,8.0,7.0,19.0,5.0,17.0,19.0,12.0
Philosopher,11.0,8.0,8.0,18.0,5.0,18.0,18.0,12.0
Philosopher,12.0,9.0,8.0,17.0,5.0,18.0,17.0,12.0
Philosopher,12.0,9.0,9.0,16.0,5.0,18.0,16.0,12.0
Philosopher,12.0,7.0,9.0,15.0,5.0,18.0,15.0,12.0
Philosopher,13.0,5.0,7.0,20.0,5.0,19.0,20.0,12.0
Philosopher,13.0,5.0,7.0,19.0,5.0,18.0,19.0,12.0
Philosopher,12.0,7.0,8.0,18.0,5.0,17.0,18.0,12.0
Philosopher,12.0,8.0,8.0,17.0,5.0,20.0,17.0,12.0
Philosopher,14.0,8.0,9.0,16.0,5.0,19.0,16.0,12.0
Philosopher,11.0,9.0,9.0,15.0,5.0,18.0,15.0,12.0
Philosopher,11.0,9.0,7.0,20.0,5.0,17.0,20.0,12.0
Philosopher,12.0,7.0,7.0,19.0,5.0,19.0,19.0,12.0
Philosopher,13.0,5.0,8.0,18.0,5.0,19.0,18.0,12.0
Philosopher,13.0,5.0,8.0,17.0,5.0,19.0,17.0,14.0
Philosopher,12.0,5.0,9.0,16.0,5.0,18.0,16.0,14.0
Philosopher,12.0,7.0,9.0,15.0,6.0,17.0,15.0,14.0
Philosopher,14.0,8.0,7.0,20.0,6.0,20.0,20.0,14.0
Philosopher,11.0,8.0,7.0,19.0,6.0,19.0,19.0,14.0
Philosopher,13.0,9.0,8.0,18.0,6.0,18.0,18.0,14.0
Philosopher,14.0,9.0,8.0,17.0,6.0,17.0,17.0,14.0
Philosopher,13.0,7.0,9.0,16.0,6.0,19.0,16.0,14.0
Philosopher,11.0,6.0,9.0,15.0,6.0,19.0,15.0,14.0
Philosopher,13.0,6.0,7.0,20.0,6.0,19.0,20.0,14.0
Philosopher,12.0,6.0,7.0,19.0,6.0,15.0,19.0,14.0
Philosopher,13.0,6.0,8.0,18.0,6.0,15.0,18.0,14.0
Philosopher,13.0,6.0,8.0,17.0,6.0,15.0,17.0,14.0
Philosopher,12.0,6.0,9.0,16.0,6.0,19.0,16.0,14.0
Philosopher,12.0,6.0,9.0,15.0,6.0,18.0,15.0,14.0
Philosopher,14.0,6.0,7.0,20.0,6.0,17.0,20.0,14.0
Philosopher,11.0,6.0,7.0,19.0,6.0,20.0,19.0,13.0
Philosopher,11.0,6.0,8.0,18.0,6.0,19.0,18.0,13.0
Philosopher,13.0,6.0,8.0,17.0,6.0,18.0,17.0,13.0
Philosopher,13.0,6.0,9.0,16.0,6.0,17.0,16.0,13.0
Philosopher,13.0,9.0,9.0,15.0,9.0,15.0,15.0,13.0
Philosopher,13.0,9.0,7.0,20.0,9.0,19.0,20.0,13.0
Philosopher,12.0,9.0,7.0,19.0,9.0,18.0,19.0,13.0
Philosopher,12.0,9.0,8.0,18.0,9.0,17.0,18.0,13.0
Philosopher,14.0,9.0,8.0,17.0,9.0,20.0,17.0,13.0
Philosopher,11.0,9.0,9.0,16.0,9.0,19.0,16.0,13.0
Philosopher,11.0,9.0,9.0,15.0,9.0,18.0,15.0,13.0
Philosopher,13.0,9.0,8.0,17.0,9.0,17.0,17.0,13.0
Philosopher,11.0,9.0,6.0,16.0,9.0,16.0,16.0,13.0
Writer,18.0,12.0,7.0,20.0,5.0,12.0,20.0,12.0
Writer,19.0,12.0,7.0,19.0,5.0,12.0,19.0,12.0
Writer,18.0,12.0,8.0,18.0,5.0,12.0,18.0,12.0
Writer,17.0,12.0,8.0,17.0,5.0,12.0,17.0,12.0
Writer,20.0,12.0,9.0,16.0,5.0,12.0,16.0,12.0
Writer,19.0,12.0,9.0,15.0,5.0,12.0,15.0,12.0
Writer,18.0,12.0,7.0,20.0,5.0,12.0,20.0,12.0
Writer,17.0,12.0,7.0,19.0,5.0,12.0,19.0,12.0
Writer,18.0,12.0,8.0,18.0,5.0,12.0,18.0,12.0
Writer,19.0,12.0,8.0,17.0,5.0,12.0,17.0,12.0
Writer,18.0,12.0,9.0,16.0,5.0,12.0,16.0,12.0
Writer,17.0,12.0,9.0,15.0,5.0,12.0,15.0,12.0
Writer,20.0,12.0,7.0,20.0,5.0,12.0,20.0,12.0
Writer,19.0,12.0,7.0,19.0,5.0,12.0,19.0,12.0
Writer,18.0,12.0,8.0,18.0,5.0,12.0,18.0,12.0
Writer,17.0,12.0,8.0,17.0,5.0,12.0,17.0,12.0
Writer,18.0,12.0,9.0,16.0,5.0,12.0,16.0,12.0
Writer,19.0,12.0,9.0,15.0,5.0,12.0,15.0,12.0
Writer,18.0,12.0,7.0,20.0,5.0,12.0,20.0,12.0
Writer,17.0,12.0,7.0,19.0,5.0,12.0,19.0,12.0
Writer,20.0,12.0,8.0,18.0,5.0,12.0,18.0,12.0
Writer,19.0,14.0,8.0,17.0,5.0,14.0,17.0,14.0
Writer,18.0,14.0,9.0,16.0,5.0,14.0,16.0,14.0
Writer,17.0,14.0,9.0,15.0,6.0,14.0,15.0,14.0
Writer,19.0,14.0,7.0,20.0,6.0,14.0,20.0,14.0
Writer,19.0,14.0,7.0,19.0,6.0,14.0,19.0,14.0
Writer,19.0,14.0,8.0,18.0,6.0,14.0,18.0,14.0
Writer,18.0,14.0,8.0,17.0,6.0,14.0,17.0,14.0
Writer,17.0,14.0,9.0,16.0,6.0,14.0,16.0,14.0
Writer,20.0,14.0,9.0,15.0,6.0,14.0,15.0,14.0
Writer,19.0,14.0,7.0,20.0,6.0,14.0,20.0,14.0
Writer,18.0,14.0,7.0,19.0,6.0,14.0,19.0,14.0
Writer,17.0,14.0,8.0,18.0,6.0,14.0,18.0,14.0
Writer,15.0,14.0,8.0,17.0,6.0,14.0,17.0,14.0
Writer,15.0,14.0,9.0,16.0,6.0,14.0,16.0,14.0
Writer,15.0,14.0,9.0,15.0,6.0,14.0,15.0,14.0
Writer,19.0,14.0,7.0,20.0,6.0,14.0,20.0,14.0
Writer,18.0,13.0,7.0,19.0,6.0,13.0,19.0,13.0
Writer,17.0,13.0,8.0,18.0,6.0,13.0,18.0,13.0
Writer,20.0,13.0,8.0,17.0,6.0,13.0,17.0,13.0
Writer,19.0,13.0,9.0,16.0,6.0,13.0,16.0,13.0
Writer,18.0,13.0,9.0,15.0,9.0,13.0,15.0,13.0
Writer,17.0,13.0,7.0,20.0,9.0,13.0,20.0,13.0
Writer,16.0,13.0,7.0,19.0,9.0,13.0,19.0,13.0
Writer,16.0,13.0,8.0,18.0,9.0,13.0,18.0,13.0
Writer,16.0,13.0,8.0,17.0,9.0,13.0,17.0,13.0
Writer,16.0,13.0,9.0,16.0,9.0,13.0,16.0,13.0
Writer,16.0,13.0,9.0,15.0,9.0,13.0,15.0,13.0
Writer,16.0,13.0,8.0,17.0,9.0,13.0,17.0,13.0
Writer,16.0,13.0,6.0,16.0,9.0,13.0,16.0,13.0
Criminologist,5.0,7.0,12.0,20.0,11.0,18.0,20.0,12.0
Criminologist,6.0,7.0,11.0,19.0,12.0,16.0,19.0,13.0
Criminologist,8.0,8.0,13.0,18.0,13.0,18.0,18.0,12.0
Criminologist,9.0,8.0,14.0,17.0,14.0,16.0,17.0,14.0
Criminologist,10.0,9.0,11.0,16.0,13.0,15.0,16.0,12.0
Criminologist,5.0,9.0,12.0,15.0,12.0,18.0,15.0,11.0
Criminologist,6.0,7.0,13.0,20.0,11.0,19.0,20.0,12.0
Criminologist,8.0,7.0,14.0,19.0,11.0,18.0,19.0,11.0
Criminologist,9.0,8.0,13.0,18.0,12.0,18.0,18.0,12.0
Criminologist,10.0,8.0,11.0,17.0,13.0,18.0,17.0,13.0
Criminologist,5.0,9.0,12.0,16.0,14.0,18.0,16.0,12.0
Criminologist,6.0,9.0,14.0,15.0,13.0,18.0,15.0,12.0
Criminologist,8.0,7.0,12.0,20.0,12.0,16.0,20.0,12.0
Criminologist,9.0,7.0,12.0,19.0,11.0,15.0,19.0,12.0
Criminologist,10.0,8.0,11.0,18.0,11.0,18.0,18.0,12.0
Criminologist,5.0,8.0,13.0,17.0,12.0,19.0,17.0,12.0
Criminologist,6.0,9.0,14.0,16.0,13.0,18.0,16.0,12.0
Criminologist,8.0,9.0,11.0,15.0,14.0,18.0,15.0,12.0
Criminologist,9.0,7.0,12.0,20.0,13.0,19.0,20.0,12.0
Criminologist,10.0,7.0,13.0,19.0,12.0,18.0,19.0,12.0
Criminologist,5.0,8.0,14.0,18.0,11.0,16.0,18.0,12.0
Criminologist,7.0,8.0,13.0,17.0,11.0,15.0,17.0,14.0
Criminologist,6.0,9.0,11.0,16.0,12.0,18.0,16.0,14.0
Criminologist,5.0,9.0,12.0,15.0,13.0,19.0,15.0,14.0
Criminologist,8.0,7.0,14.0,20.0,14.0,19.0,20.0,14.0
Criminologist,9.0,7.0,12.0,19.0,13.0,19.0,19.0,14.0
Criminologist,5.0,8.0,11.0,18.0,12.0,19.0,18.0,14.0
Criminologist,6.0,8.0,13.0,17.0,11.0,19.0,17.0,14.0
Criminologist,8.0,9.0,14.0,16.0,11.0,19.0,16.0,14.0
Criminologist,9.0,9.0,11.0,15.0,12.0,19.0,15.0,14.0
Criminologist,10.0,7.0,12.0,20.0,13.0,19.0,20.0,14.0
Criminologist,5.0,7.0,13.0,19.0,14.0,15.0,19.0,14.0
Criminologist,7.0,8.0,14.0,18.0,13.0,18.0,18.0,14.0
Criminologist,6.0,8.0,13.0,17.0,12.0,16.0,17.0,14.0
Criminologist,5.0,9.0,11.0,16.0,11.0,15.0,16.0,14.0
Criminologist,8.0,9.0,12.0,15.0,14.0,18.0,15.0,14.0
Criminologist,9.0,7.0,14.0,20.0,14.0,19.0,20.0,14.0
Criminologist,5.0,7.0,12.0,19.0,13.0,15.0,19.0,13.0
Criminologist,6.0,8.0,11.0,18.0,13.0,15.0,18.0,13.0
Criminologist,8.0,8.0,13.0,17.0,13.0,15.0,17.0,13.0
Criminologist,9.0,9.0,14.0,16.0,13.0,15.0,16.0,13.0
Criminologist,10.0,9.0,11.0,15.0,13.0,15.0,15.0,13.0
Criminologist,5.0,7.0,12.0,20.0,13.0,16.0,20.0,13.0
Criminologist,7.0,7.0,13.0,19.0,13.0,16.0,19.0,13.0
Criminologist,6.0,8.0,14.0,18.0,13.0,18.0,18.0,13.0
Criminologist,5.0,8.0,13.0,17.0,13.0,16.0,17.0,13.0
Criminologist,8.0,9.0,11.0,16.0,13.0,15.0,16.0,13.0
Criminologist,9.0,9.0,12.0,15.0,13.0,18.0,15.0,13.0
Criminologist,7.0,8.0,14.0,17.0,13.0,19.0,17.0,13.0
Criminologist,9.0,6.0,13.0,16.0,13.0,16.0,16.0,13.0
Company secretary,20.0,7.0,12.0,17.0,12.0,20.0,18.0,5.0
Company secretary,19.0,7.0,12.0,16.0,11.0,19.0,17.0,5.0
Company secretary,18.0,8.0,12.0,15.0,13.0,18.0,16.0,5.0
Company secretary,17.0,8.0,12.0,20.0,14.0,17.0,15.0,5.0
Company secretary,16.0,9.0,12.0,19.0,11.0,16.0,20.0,5.0
Company secretary,15.0,9.0,12.0,18.0,12.0,15.0,19.0,5.0
Company secretary,20.0,7.0,12.0,17.0,13.0,20.0,18.0,5.0
Company secretary,19.0,7.0,12.0,16.0,14.0,19.0,17.0,5.0
Company secretary,18.0,8.0,12.0,17.0,13.0,18.0,16.0,5.0
Company secretary,17.0,8.0,12.0,16.0,11.0,17.0,17.0,5.0
Company secretary,16.0,9.0,12.0,15.0,12.0,16.0,16.0,5.0
Company secretary,15.0,9.0,12.0,20.0,14.0,15.0,15.0,5.0
Company secretary,20.0,7.0,12.0,19.0,12.0,20.0,20.0,5.0
Company secretary,19.0,7.0,12.0,18.0,12.0,19.0,19.0,5.0
Company secretary,18.0,8.0,12.0,17.0,11.0,18.0,18.0,5.0
Company secretary,17.0,8.0,12.0,16.0,13.0,17.0,17.0,5.0
Company secretary,16.0,9.0,12.0,17.0,14.0,16.0,16.0,5.0
Company secretary,15.0,9.0,12.0,16.0,11.0,15.0,17.0,5.0
Company secretary,20.0,7.0,12.0,15.0,12.0,20.0,16.0,5.0
Company secretary,19.0,7.0,12.0,20.0,13.0,19.0,15.0,5.0
Company secretary,18.0,8.0,12.0,19.0,14.0,18.0,20.0,5.0
Company secretary,17.0,8.0,14.0,18.0,13.0,17.0,19.0,5.0
Company secretary,16.0,9.0,14.0,17.0,11.0,16.0,18.0,5.0
Company secretary,15.0,9.0,14.0,16.0,12.0,15.0,17.0,6.0
Company secretary,20.0,7.0,14.0,17.0,14.0,20.0,16.0,6.0
Company secretary,19.0,7.0,14.0,16.0,12.0,19.0,17.0,6.0
Company secretary,18.0,8.0,14.0,15.0,11.0,18.0,16.0,6.0
Company secretary,17.0,8.0,14.0,20.0,13.0,17.0,15.0,6.0
Company secretary,16.0,9.0,14.0,19.0,14.0,16.0,20.0,6.0
Company secretary,15.0,9.0,14.0,18.0,11.0,15.0,19.0,6.0
Company secretary,20.0,7.0,14.0,17.0,12.0,20.0,18.0,6.0
Company secretary,19.0,7.0,14.0,16.0,13.0,19.0,17.0,6.0
Company secretary,18.0,8.0,14.0,17.0,14.0,18.0,16.0,6.0
Company secretary,17.0,8.0,14.0,16.0,13.0,17.0,17.0,6.0
Company secretary,16.0,9.0,14.0,15.0,11.0,16.0,16.0,6.0
Company secretary,15.0,9.0,14.0,20.0,12.0,15.0,15.0,6.0
Company secretary,20.0,7.0,14.0,19.0,14.0,20.0,20.0,6.0
Company secretary,19.0,7.0,13.0,18.0,12.0,19.0,19.0,6.0
Company secretary,18.0,8.0,13.0,17.0,11.0,18.0,18.0,6.0
Company secretary,17.0,8.0,13.0,16.0,13.0,17.0,17.0,6.0
Company secretary,16.0,9.0,13.0,17.0,14.0,16.0,16.0,6.0
Company secretary,15.0,9.0,13.0,16.0,11.0,15.0,17.0,9.0
Company secretary,20.0,7.0,13.0,15.0,12.0,20.0,16.0,9.0
Company secretary,19.0,7.0,13.0,20.0,13.0,19.0,15.0,9.0
Company secretary,18.0,8.0,13.0,19.0,14.0,18.0,20.0,9.0
Company secretary,17.0,8.0,13.0,18.0,13.0,17.0,19.0,9.0
Company secretary,16.0,9.0,13.0,17.0,11.0,16.0,18.0,9.0
Company secretary,15.0,9.0,13.0,16.0,12.0,15.0,17.0,9.0
Company secretary,17.0,8.0,13.0,16.0,14.0,17.0,16.0,9.0
Company secretary,16.0,6.0,13.0,16.0,13.0,16.0,17.0,9.0
Marketing,16.0,5.0,12.0,20.0,10.0,18.0,11.0,8.0
Marketing,17.0,6.0,13.0,19.0,9.0,18.0,11.0,7.0
Marketing,18.0,7.0,14.0,18.0,8.0,18.0,11.0,9.0
Marketing,19.0,9.0,11.0,17.0,7.0,18.0,11.0,10.0
Marketing,20.0,8.0,12.0,16.0,6.0,18.0,11.0,8.0
Marketing,16.0,10.0,13.0,15.0,5.0,18.0,11.0,7.0
Marketing,17.0,10.0,14.0,15.0,10.0,18.0,11.0,9.0
Marketing,18.0,9.0,11.0,16.0,9.0,18.0,11.0,10.0
Marketing,19.0,8.0,12.0,17.0,8.0,18.0,11.0,10.0
Marketing,20.0,7.0,13.0,18.0,7.0,18.0,12.0,9.0
Marketing,16.0,6.0,14.0,19.0,6.0,18.0,12.0,8.0
Marketing,17.0,5.0,11.0,20.0,5.0,18.0,12.0,7.0
Marketing,18.0,10.0,12.0,15.0,5.0,18.0,12.0,6.0
Marketing,19.0,9.0,13.0,16.0,6.0,16.0,12.0,5.0
Marketing,20.0,8.0,14.0,17.0,7.0,16.0,12.0,10.0
Marketing,16.0,7.0,11.0,18.0,8.0,16.0,12.0,9.0
Marketing,17.0,6.0,12.0,19.0,9.0,16.0,12.0,8.0
Marketing,18.0,5.0,13.0,20.0,10.0,16.0,13.0,7.0
Marketing,19.0,10.0,14.0,15.0,10.0,16.0,13.0,6.0
Marketing,20.0,9.0,11.0,16.0,9.0,16.0,13.0,5.0
Marketing,16.0,8.0,11.0,17.0,8.0,17.0,13.0,10.0
Marketing,17.0,7.0,12.0,18.0,7.0,17.0,13.0,9.0
Marketing,18.0,6.0,13.0,19.0,6.0,17.0,13.0,8.0
Marketing,19.0,5.0,14.0,20.0,5.0,17.0,13.0,7.0
Marketing,20.0,10.0,11.0,15.0,5.0,17.0,13.0,6.0
Marketing,16.0,9.0,12.0,16.0,6.0,17.0,14.0,5.0
Marketing,17.0,8.0,13.0,17.0,7.0,17.0,14.0,10.0
Marketing,18.0,7.0,14.0,18.0,8.0,17.0,14.0,9.0
Marketing,19.0,6.0,11.0,19.0,9.0,17.0,14.0,8.0
Marketing,20.0,5.0,12.0,20.0,10.0,17.0,14.0,7.0
Marketing,20.0,10.0,13.0,20.0,10.0,17.0,14.0,6.0
Marketing,19.0,9.0,14.0,19.0,9.0,15.0,14.0,5.0
Marketing,18.0,8.0,11.0,18.0,8.0,15.0,14.0,10.0
Marketing,17.0,7.0,12.0,17.0,7.0,15.0,14.0,9.0
Marketing,16.0,6.0,13.0,16.0,6.0,15.0,14.0,8.0
Marketing,15.0,5.0,14.0,15.0,5.0,15.0,12.0,7.0
Marketing,20.0,10.0,11.0,15.0,5.0,15.0,12.0,6.0
Marketing,19.0,9.0,12.0,16.0,6.0,15.0,12.0,5.0
Marketing,18.0,8.0,13.0,17.0,7.0,15.0,12.0,10.0
Marketing,17.0,7.0,14.0,18.0,8.0,15.0,12.0,9.0
Marketing,16.0,6.0,11.0,19.0,9.0,15.0,12.0,8.0
Marketing,15.0,5.0,12.0,20.0,10.0,15.0,12.0,7.0
Marketing,20.0,10.0,13.0,20.0,10.0,19.0,12.0,6.0
Marketing,19.0,9.0,14.0,19.0,9.0,19.0,12.0,5.0
Marketing,18.0,8.0,11.0,18.0,8.0,19.0,13.0,10.0
Marketing,17.0,7.0,12.0,17.0,7.0,19.0,13.0,9.0
Marketing,16.0,6.0,13.0,16.0,6.0,19.0,13.0,8.0
Marketing,15.0,5.0,14.0,15.0,5.0,19.0,13.0,7.0
Marketing,17.0,6.0,12.0,19.0,5.0,19.0,13.0,6.0
Marketing,18.0,9.0,13.0,18.0,6.0,19.0,13.0,5.0
Logistics manager,14.0,5.0,7.0,20.0,7.0,18.0,19.0,7.0
Logistics manager,14.0,6.0,9.0,19.0,7.0,19.0,18.0,7.0
Logistics manager,14.0,7.0,8.0,18.0,7.0,18.0,17.0,7.0
Logistics manager,14.0,8.0,5.0,17.0,7.0,17.0,16.0,7.0
Logistics manager,14.0,9.0,6.0,17.0,7.0,16.0,15.0,7.0
Logistics manager,14.0,10.0,10.0,19.0,7.0,15.0,19.0,7.0
Logistics manager,14.0,10.0,7.0,16.0,7.0,19.0,15.0,7.0
Logistics manager,14.0,9.0,9.0,15.0,6.0,18.0,19.0,7.0
Logistics manager,14.0,8.0,8.0,19.0,6.0,18.0,18.0,7.0
Logistics manager,14.0,7.0,5.0,20.0,6.0,17.0,17.0,7.0
Logistics manager,14.0,6.0,6.0,19.0,6.0,17.0,16.0,7.0
Logistics manager,14.0,5.0,10.0,18.0,6.0,17.0,15.0,7.0
Logistics manager,13.0,5.0,7.0,17.0,6.0,19.0,19.0,7.0
Logistics manager,13.0,6.0,9.0,17.0,6.0,18.0,15.0,7.0
Logistics manager,13.0,7.0,8.0,19.0,8.0,17.0,19.0,7.0
Logistics manager,13.0,8.0,5.0,16.0,8.0,16.0,18.0,7.0
Logistics manager,13.0,9.0,6.0,15.0,8.0,15.0,17.0,7.0
Logistics manager,13.0,10.0,10.0,19.0,8.0,19.0,16.0,7.0
Logistics manager,13.0,10.0,7.0,20.0,8.0,17.0,15.0,7.0
Logistics manager,13.0,9.0,9.0,19.0,8.0,19.0,19.0,7.0
Logistics manager,12.0,8.0,8.0,18.0,8.0,19.0,19.0,7.0
Logistics manager,12.0,7.0,5.0,17.0,9.0,19.0,18.0,7.0
Logistics manager,12.0,6.0,6.0,17.0,9.0,19.0,17.0,7.0
Logistics manager,12.0,5.0,10.0,19.0,9.0,18.0,16.0,7.0
Logistics manager,12.0,5.0,7.0,16.0,9.0,17.0,15.0,7.0
Logistics manager,12.0,6.0,9.0,15.0,9.0,16.0,19.0,7.0
Logistics manager,12.0,7.0,8.0,19.0,9.0,15.0,19.0,7.0
Logistics manager,12.0,8.0,5.0,20.0,9.0,19.0,18.0,7.0
Logistics manager,11.0,9.0,6.0,19.0,9.0,20.0,17.0,7.0
Logistics manager,11.0,10.0,10.0,18.0,9.0,20.0,16.0,7.0
Logistics manager,11.0,10.0,7.0,17.0,10.0,19.0,15.0,7.0
Logistics manager,11.0,9.0,9.0,17.0,10.0,18.0,19.0,7.0
Logistics manager,11.0,8.0,8.0,19.0,10.0,17.0,19.0,7.0
Logistics manager,11.0,7.0,5.0,16.0,10.0,16.0,18.0,7.0
Logistics manager,11.0,6.0,6.0,15.0,10.0,15.0,17.0,7.0
Logistics manager,11.0,5.0,10.0,19.0,10.0,19.0,16.0,7.0
Logistics manager,11.0,5.0,7.0,20.0,10.0,15.0,15.0,7.0
Logistics manager,11.0,6.0,9.0,19.0,6.0,15.0,19.0,7.0
Logistics manager,11.0,7.0,8.0,18.0,6.0,15.0,19.0,7.0
Logistics manager,12.0,8.0,5.0,17.0,6.0,19.0,18.0,7.0
Logistics manager,12.0,9.0,6.0,17.0,6.0,18.0,17.0,7.0
Logistics manager,12.0,10.0,10.0,19.0,6.0,17.0,16.0,7.0
Logistics manager,12.0,10.0,7.0,16.0,7.0,16.0,15.0,7.0
Logistics manager,12.0,9.0,9.0,15.0,7.0,15.0,19.0,7.0
Logistics manager,12.0,8.0,8.0,19.0,7.0,19.0,18.0,7.0
Logistics manager,12.0,7.0,5.0,17.0,7.0,18.0,17.0,7.0
Logistics manager,13.0,6.0,6.0,19.0,7.0,17.0,16.0,7.0
Logistics manager,13.0,5.0,10.0,16.0,9.0,16.0,15.0,7.0
Logistics manager,13.0,8.0,8.0,15.0,9.0,15.0,19.0,7.0
Logistics manager,13.0,9.0,6.0,19.0,9.0,19.0,16.0,7.0
Research analyst,16.0,5.0,6.0,20.0,7.0,11.0,18.0,11.0
Research analyst,16.0,6.0,6.0,20.0,7.0,12.0,18.0,12.0
Research analyst,16.0,7.0,7.0,20.0,7.0,11.0,18.0,13.0
Research analyst,16.0,8.0,7.0,20.0,7.0,12.0,18.0,14.0
Research analyst,16.0,9.0,6.0,20.0,7.0,11.0,18.0,11.0
Research analyst,16.0,10.0,6.0,20.0,7.0,12.0,18.0,12.0
Research analyst,16.0,5.0,7.0,20.0,7.0,13.0,18.0,13.0
Research analyst,16.0,6.0,7.0,19.0,7.0,14.0,18.0,14.0
Research analyst,16.0,7.0,6.0,19.0,7.0,11.0,18.0,11.0
Research analyst,16.0,8.0,6.0,19.0,7.0,12.0,18.0,12.0
Research analyst,16.0,9.0,7.0,19.0,7.0,11.0,18.0,13.0
Research analyst,16.0,10.0,7.0,19.0,7.0,12.0,18.0,14.0
Research analyst,17.0,5.0,6.0,19.0,7.0,11.0,18.0,11.0
Research analyst,17.0,6.0,6.0,19.0,7.0,12.0,17.0,12.0
Research analyst,17.0,7.0,7.0,18.0,9.0,13.0,17.0,13.0
Research analyst,17.0,8.0,7.0,18.0,9.0,14.0,17.0,14.0
Research analyst,17.0,9.0,5.0,18.0,9.0,11.0,17.0,11.0
Research analyst,17.0,10.0,6.0,18.0,9.0,12.0,17.0,12.0
Research analyst,17.0,5.0,6.0,18.0,9.0,11.0,17.0,13.0
Research analyst,17.0,6.0,6.0,18.0,9.0,12.0,17.0,14.0
Research analyst,17.0,7.0,7.0,18.0,9.0,11.0,17.0,11.0
Research analyst,18.0,8.0,7.0,18.0,9.0,12.0,17.0,12.0
Research analyst,18.0,9.0,6.0,17.0,9.0,13.0,16.0,13.0
Research analyst,18.0,10.0,6.0,17.0,9.0,14.0,16.0,14.0
Research analyst,18.0,5.0,7.0,17.0,9.0,11.0,16.0,11.0
Research analyst,18.0,6.0,7.0,17.0,9.0,12.0,16.0,12.0
Research analyst,18.0,7.0,6.0,17.0,9.0,11.0,16.0,13.0
Research analyst,18.0,8.0,6.0,17.0,9.0,12.0,16.0,14.0
Research analyst,18.0,9.0,7.0,17.0,10.0,11.0,16.0,11.0
Research analyst,18.0,10.0,7.0,17.0,10.0,12.0,16.0,12.0
Research analyst,18.0,5.0,6.0,17.0,10.0,13.0,16.0,13.0
Research analyst,19.0,6.0,6.0,16.0,10.0,14.0,15.0,14.0
Research analyst,19.0,7.0,7.0,16.0,10.0,11.0,15.0,11.0
Research analyst,19.0,8.0,7.0,16.0,10.0,12.0,15.0,12.0
Research analyst,19.0,9.0,5.0,16.0,10.0,11.0,15.0,13.0
Research analyst,19.0,10.0,6.0,16.0,10.0,12.0,15.0,14.0
Research analyst,19.0,5.0,6.0,16.0,10.0,11.0,15.0,11.0
Research analyst,19.0,6.0,6.0,16.0,10.0,12.0,15.0,12.0
Research analyst,19.0,7.0,7.0,15.0,10.0,13.0,15.0,13.0
Research analyst,19.0,8.0,7.0,15.0,10.0,14.0,15.0,14.0
Research analyst,19.0,9.0,6.0,15.0,10.0,11.0,19.0,11.0
Research analyst,19.0,10.0,6.0,15.0,10.0,12.0,19.0,12.0
Research analyst,19.0,5.0,7.0,15.0,10.0,11.0,19.0,13.0
Research analyst,20.0,6.0,7.0,15.0,10.0,12.0,19.0,14.0
Research analyst,20.0,7.0,5.0,18.0,10.0,11.0,19.0,11.0
Research analyst,20.0,8.0,6.0,18.0,8.0,12.0,19.0,12.0
Research analyst,20.0,9.0,5.0,18.0,8.0,13.0,19.0,13.0
Research analyst,20.0,10.0,6.0,18.0,8.0,14.0,20.0,14.0
Research analyst,20.0,8.0,8.0,18.0,8.0,12.0,19.0,13.0
Research analyst,20.0,9.0,9.0,18.0,8.0,11.0,17.0,14.0
Business manager,20.0,5.0,11.0,20.0,14.0,17.0,18.0,10.0
Business manager,19.0,6.0,12.0,20.0,14.0,17.0,18.0,9.0
Business manager,18.0,6.0,13.0,20.0,13.0,17.0,18.0,8.0
Business manager,17.0,7.0,14.0,20.0,12.0,17.0,18.0,7.0
Business manager,16.0,9.0,14.0,20.0,11.0,17.0,18.0,6.0
Business manager,15.0,8.0,13.0,20.0,11.0,17.0,18.0,5.0
Business manager,20.0,10.0,12.0,20.0,12.0,17.0,18.0,10.0
Business manager,19.0,5.0,11.0,20.0,14.0,18.0,18.0,9.0
Business manager,18.0,6.0,11.0,20.0,14.0,18.0,17.0,8.0
Business manager,17.0,6.0,12.0,20.0,13.0,18.0,17.0,7.0
Business manager,16.0,7.0,13.0,19.0,12.0,18.0,17.0,6.0
Business manager,15.0,9.0,14.0,19.0,11.0,18.0,17.0,5.0
Business manager,20.0,8.0,14.0,19.0,11.0,18.0,17.0,10.0
Business manager,19.0,10.0,13.0,19.0,12.0,18.0,17.0,9.0
Business manager,18.0,5.0,12.0,19.0,14.0,18.0,17.0,8.0
Business manager,17.0,6.0,11.0,19.0,14.0,18.0,17.0,7.0
Business manager,16.0,6.0,11.0,19.0,13.0,19.0,17.0,6.0
Business manager,15.0,7.0,12.0,18.0,12.0,19.0,17.0,5.0
Business manager,20.0,9.0,13.0,18.0,11.0,19.0,16.0,10.0
Business manager,19.0,8.0,14.0,18.0,11.0,19.0,16.0,9.0
Business manager,18.0,10.0,14.0,18.0,12.0,19.0,16.0,8.0
Business manager,17.0,5.0,13.0,18.0,14.0,19.0,16.0,7.0
Business manager,16.0,6.0,12.0,18.0,14.0,19.0,16.0,6.0
Business manager,15.0,6.0,11.0,18.0,13.0,19.0,16.0,5.0
Business manager,20.0,7.0,11.0,18.0,12.0,19.0,16.0,10.0
Business manager,19.0,9.0,12.0,18.0,11.0,19.0,16.0,9.0
Business manager,18.0,8.0,13.0,18.0,11.0,16.0,16.0,8.0
Business manager,17.0,10.0,14.0,16.0,12.0,16.0,16.0,7.0
Business manager,16.0,5.0,14.0,16.0,14.0,16.0,16.0,6.0
Business manager,15.0,6.0,13.0,16.0,14.0,16.0,15.0,5.0
Business manager,20.0,6.0,12.0,16.0,13.0,16.0,15.0,10.0
Business manager,19.0,7.0,11.0,16.0,12.0,16.0,15.0,9.0
Business manager,18.0,9.0,11.0,16.0,11.0,16.0,15.0,8.0
Business manager,17.0,8.0,12.0,16.0,11.0,16.0,15.0,7.0
Business manager,16.0,10.0,13.0,15.0,12.0,16.0,20.0,6.0
Business manager,15.0,5.0,14.0,15.0,14.0,15.0,20.0,5.0
Business manager,20.0,6.0,14.0,15.0,14.0,15.0,20.0,10.0
Business manager,19.0,6.0,13.0,15.0,13.0,15.0,20.0,9.0
Business manager,18.0,7.0,12.0,15.0,12.0,15.0,20.0,8.0
Business manager,17.0,9.0,11.0,15.0,11.0,15.0,20.0,7.0
Business manager,16.0,8.0,11.0,15.0,11.0,15.0,20.0,6.0
Business manager,15.0,10.0,12.0,15.0,12.0,15.0,20.0,5.0
Business manager,20.0,5.0,13.0,17.0,14.0,15.0,18.0,10.0
Business manager,19.0,6.0,14.0,17.0,14.0,18.0,18.0,9.0
Business manager,18.0,6.0,14.0,17.0,13.0,18.0,18.0,8.0
Business manager,17.0,7.0,13.0,17.0,12.0,18.0,18.0,7.0
Business manager,16.0,9.0,12.0,17.0,11.0,18.0,18.0,6.0
Business manager,15.0,8.0,11.0,17.0,11.0,18.0,18.0,5.0
Business manager,19.0,10.0,13.0,17.0,12.0,18.0,18.0,8.0
Business manager,18.0,8.0,14.0,17.0,13.0,18.0,18.0,9.0
Internal auditor,12.0,5.0,6.0,20.0,11.0,20.0,19.0,10.0
Internal auditor,11.0,5.0,6.0,19.0,11.0,18.0,19.0,9.0
Internal auditor,12.0,5.0,7.0,18.0,11.0,20.0,19.0,8.0
Internal auditor,13.0,5.0,9.0,17.0,11.0,18.0,19.0,7.0
Internal auditor,14.0,5.0,8.0,17.0,11.0,20.0,19.0,6.0
Internal auditor,12.0,5.0,10.0,20.0,11.0,18.0,19.0,5.0
Internal auditor,11.0,5.0,5.0,19.0,11.0,20.0,19.0,10.0
Internal auditor,12.0,5.0,6.0,18.0,11.0,18.0,19.0,9.0
Internal auditor,13.0,5.0,6.0,17.0,11.0,20.0,19.0,8.0
Internal auditor,14.0,5.0,7.0,20.0,11.0,18.0,19.0,7.0
Internal auditor,12.0,5.0,9.0,19.0,11.0,20.0,19.0,6.0
Internal auditor,11.0,5.0,8.0,18.0,11.0,18.0,19.0,5.0
Internal auditor,12.0,7.0,10.0,17.0,11.0,20.0,19.0,10.0
Internal auditor,13.0,7.0,5.0,20.0,11.0,18.0,19.0,9.0
Internal auditor,14.0,7.0,6.0,19.0,11.0,20.0,19.0,8.0
Internal auditor,12.0,7.0,6.0,18.0,11.0,18.0,19.0,7.0
Internal auditor,11.0,7.0,7.0,17.0,13.0,20.0,19.0,6.0
Internal auditor,12.0,7.0,9.0,20.0,13.0,18.0,19.0,5.0
Internal auditor,13.0,7.0,8.0,19.0,13.0,20.0,19.0,10.0
Internal auditor,14.0,7.0,10.0,18.0,13.0,18.0,19.0,9.0
Internal auditor,12.0,7.0,5.0,17.0,13.0,20.0,19.0,8.0
Internal auditor,11.0,7.0,6.0,20.0,13.0,18.0,19.0,7.0
Internal auditor,12.0,7.0,6.0,19.0,13.0,20.0,19.0,6.0
Internal auditor,13.0,7.0,7.0,18.0,13.0,18.0,19.0,5.0
Internal auditor,14.0,7.0,9.0,17.0,13.0,20.0,19.0,10.0
Internal auditor,12.0,7.0,8.0,20.0,14.0,18.0,19.0,9.0
Internal auditor,11.0,7.0,10.0,19.0,14.0,20.0,19.0,8.0
Internal auditor,12.0,8.0,8.0,18.0,14.0,18.0,19.0,7.0
Internal auditor,13.0,9.0,6.0,17.0,14.0,20.0,19.0,6.0
Internal auditor,14.0,10.0,6.0,20.0,14.0,18.0,19.0,5.0
Internal auditor,12.0,7.0,7.0,19.0,14.0,20.0,19.0,10.0
Internal auditor,11.0,8.0,9.0,18.0,14.0,18.0,19.0,9.0
Internal auditor,12.0,9.0,8.0,17.0,14.0,20.0,19.0,8.0
Internal auditor,13.0,10.0,10.0,20.0,14.0,18.0,19.0,7.0
Internal auditor,14.0,7.0,5.0,19.0,14.0,20.0,19.0,6.0
Internal auditor,12.0,8.0,6.0,18.0,12.0,18.0,19.0,5.0
Internal auditor,11.0,9.0,6.0,17.0,12.0,20.0,19.0,10.0
Internal auditor,12.0,10.0,7.0,20.0,12.0,18.0,19.0,9.0
Internal auditor,13.0,7.0,9.0,19.0,12.0,20.0,19.0,8.0
Internal auditor,14.0,8.0,8.0,18.0,12.0,18.0,19.0,7.0
Internal auditor,12.0,9.0,10.0,17.0,12.0,20.0,19.0,6.0
Internal auditor,11.0,10.0,5.0,20.0,12.0,18.0,19.0,5.0
Internal auditor,12.0,7.0,6.0,19.0,12.0,20.0,19.0,10.0
Internal auditor,13.0,8.0,6.0,18.0,12.0,18.0,19.0,9.0
Internal auditor,14.0,9.0,7.0,17.0,12.0,20.0,19.0,8.0
Internal auditor,12.0,10.0,9.0,17.0,12.0,18.0,19.0,7.0
Internal auditor,11.0,7.0,8.0,20.0,12.0,20.0,19.0,6.0
Internal auditor,12.0,8.0,6.0,19.0,12.0,18.0,19.0,5.0
Internal auditor,13.0,9.0,5.0,18.0,13.0,17.0,19.0,8.0
Internal auditor,14.0,10.0,9.0,17.0,13.0,18.0,19.0,9.0
Chief financial officer,11.0,6.0,14.0,17.0,8.0,19.0,19.0,6.0
Chief financial officer,12.0,6.0,13.0,17.0,8.0,18.0,20.0,6.0
Chief financial officer,13.0,8.0,12.0,17.0,8.0,19.0,17.0,6.0
Chief financial officer,14.0,5.0,11.0,17.0,8.0,18.0,17.0,6.0
Chief financial officer,11.0,6.0,14.0,17.0,8.0,19.0,17.0,6.0
Chief financial officer,12.0,6.0,13.0,17.0,8.0,18.0,17.0,6.0
Chief financial officer,13.0,8.0,12.0,17.0,8.0,19.0,17.0,6.0
Chief financial officer,14.0,6.0,11.0,17.0,8.0,18.0,17.0,6.0
Chief financial officer,11.0,6.0,14.0,17.0,8.0,19.0,17.0,6.0
Chief financial officer,12.0,8.0,13.0,17.0,8.0,18.0,17.0,6.0
Chief financial officer,13.0,6.0,12.0,17.0,8.0,19.0,17.0,6.0
Chief financial officer,14.0,6.0,11.0,17.0,8.0,18.0,17.0,6.0
Chief financial officer,11.0,8.0,14.0,17.0,8.0,19.0,16.0,6.0
Chief financial officer,12.0,6.0,13.0,17.0,9.0,18.0,16.0,7.0
Chief financial officer,13.0,6.0,12.0,17.0,9.0,19.0,16.0,7.0
Chief financial officer,14.0,8.0,11.0,17.0,9.0,18.0,16.0,7.0
Chief financial officer,11.0,6.0,14.0,19.0,9.0,19.0,16.0,7.0
Chief financial officer,12.0,6.0,13.0,18.0,9.0,18.0,16.0,7.0
Chief financial officer,13.0,8.0,12.0,15.0,9.0,19.0,16.0,7.0
Chief financial officer,14.0,6.0,11.0,15.0,9.0,18.0,16.0,7.0
Chief financial officer,11.0,6.0,14.0,15.0,9.0,19.0,15.0,7.0
Chief financial officer,12.0,8.0,13.0,15.0,9.0,18.0,15.0,7.0
Chief financial officer,13.0,6.0,12.0,15.0,9.0,19.0,15.0,7.0
Chief financial officer,14.0,6.0,11.0,15.0,9.0,18.0,15.0,7.0
Chief financial officer,11.0,8.0,14.0,15.0,9.0,19.0,15.0,7.0
Chief financial officer,12.0,6.0,13.0,15.0,9.0,18.0,15.0,7.0
Chief financial officer,13.0,6.0,12.0,15.0,9.0,19.0,15.0,8.0
Chief financial officer,14.0,8.0,11.0,15.0,9.0,18.0,15.0,8.0
Chief financial officer,11.0,6.0,14.0,19.0,9.0,19.0,15.0,8.0
Chief financial officer,12.0,6.0,13.0,19.0,9.0,18.0,17.0,8.0
Chief financial officer,13.0,8.0,12.0,19.0,9.0,19.0,17.0,8.0
Chief financial officer,14.0,6.0,11.0,19.0,9.0,18.0,17.0,8.0
Chief financial officer,11.0,6.0,14.0,19.0,9.0,19.0,17.0,8.0
Chief financial officer,12.0,8.0,13.0,19.0,9.0,18.0,17.0,8.0
Chief financial officer,13.0,6.0,12.0,19.0,10.0,19.0,17.0,8.0
Chief financial officer,14.0,6.0,11.0,19.0,10.0,18.0,17.0,8.0
Chief financial officer,11.0,8.0,12.0,19.0,10.0,19.0,17.0,8.0
Chief financial officer,12.0,6.0,14.0,19.0,10.0,18.0,17.0,8.0
Chief financial officer,13.0,6.0,13.0,19.0,10.0,19.0,18.0,8.0
Chief financial officer,14.0,8.0,12.0,19.0,10.0,18.0,18.0,8.0
Chief financial officer,11.0,6.0,11.0,19.0,10.0,19.0,18.0,5.0
Chief financial officer,12.0,6.0,14.0,19.0,10.0,18.0,18.0,5.0
Chief financial officer,13.0,8.0,13.0,19.0,10.0,19.0,18.0,5.0
Chief financial officer,14.0,6.0,12.0,19.0,10.0,18.0,18.0,5.0
Chief financial officer,11.0,6.0,11.0,19.0,10.0,19.0,18.0,5.0
Chief financial officer,12.0,8.0,14.0,19.0,10.0,18.0,18.0,5.0
Chief financial officer,13.0,6.0,13.0,19.0,10.0,19.0,20.0,5.0
Chief financial officer,14.0,6.0,12.0,16.0,10.0,18.0,20.0,5.0
Chief financial officer,11.0,8.0,11.0,16.0,10.0,17.0,20.0,5.0
Chief financial officer,13.0,7.0,12.0,16.0,10.0,18.0,20.0,5.0
Business Analyst,14.0,6.0,5.0,20.0,12.0,20.0,20.0,6.0
Business Analyst,13.0,6.0,6.0,20.0,13.0,19.0,20.0,6.0
Business Analyst,12.0,6.0,7.0,20.0,14.0,18.0,20.0,6.0
Business Analyst,11.0,6.0,8.0,20.0,12.0,17.0,20.0,6.0
Business Analyst,14.0,6.0,5.0,20.0,11.0,19.0,20.0,6.0
Business Analyst,13.0,6.0,5.0,20.0,13.0,20.0,20.0,6.0
Business Analyst,12.0,6.0,6.0,20.0,14.0,19.0,20.0,6.0
Business Analyst,11.0,6.0,6.0,20.0,12.0,18.0,20.0,6.0
Business Analyst,14.0,6.0,5.0,20.0,13.0,17.0,20.0,6.0
Business Analyst,13.0,6.0,5.0,20.0,14.0,19.0,17.0,6.0
Business Analyst,12.0,6.0,6.0,20.0,12.0,20.0,17.0,6.0
Business Analyst,11.0,6.0,6.0,20.0,11.0,19.0,17.0,6.0
Business Analyst,14.0,6.0,5.0,19.0,13.0,18.0,17.0,6.0
Business Analyst,13.0,7.0,5.0,19.0,14.0,17.0,17.0,6.0
Business Analyst,12.0,7.0,6.0,19.0,12.0,19.0,17.0,6.0
Business Analyst,11.0,7.0,6.0,19.0,13.0,20.0,17.0,6.0
Business Analyst,14.0,7.0,5.0,19.0,14.0,19.0,17.0,6.0
Business Analyst,13.0,7.0,5.0,19.0,12.0,18.0,17.0,6.0
Business Analyst,12.0,7.0,6.0,19.0,11.0,17.0,17.0,6.0
Business Analyst,11.0,7.0,6.0,19.0,13.0,19.0,17.0,6.0
Business Analyst,14.0,7.0,5.0,19.0,14.0,20.0,17.0,6.0
Business Analyst,13.0,7.0,5.0,19.0,12.0,19.0,17.0,6.0
Business Analyst,12.0,7.0,6.0,19.0,13.0,18.0,17.0,6.0
Business Analyst,11.0,7.0,6.0,19.0,14.0,17.0,17.0,6.0
Business Analyst,14.0,7.0,5.0,18.0,12.0,19.0,17.0,6.0
Business Analyst,13.0,7.0,5.0,18.0,11.0,20.0,17.0,6.0
Business Analyst,12.0,8.0,6.0,18.0,13.0,19.0,17.0,6.0
Business Analyst,11.0,8.0,6.0,18.0,14.0,18.0,17.0,6.0
Business Analyst,14.0,8.0,5.0,18.0,12.0,17.0,17.0,6.0
Business Analyst,13.0,8.0,5.0,18.0,13.0,19.0,17.0,6.0
Business Analyst,12.0,8.0,6.0,18.0,14.0,20.0,17.0,6.0
Business Analyst,11.0,8.0,6.0,18.0,12.0,19.0,17.0,6.0
Business Analyst,14.0,8.0,5.0,18.0,11.0,18.0,17.0,6.0
Business Analyst,13.0,8.0,5.0,18.0,13.0,17.0,17.0,6.0
Business Analyst,12.0,8.0,6.0,18.0,14.0,19.0,17.0,6.0
Business Analyst,11.0,8.0,6.0,17.0,12.0,20.0,17.0,6.0
Business Analyst,12.0,8.0,5.0,17.0,13.0,19.0,17.0,6.0
Business Analyst,14.0,8.0,5.0,17.0,14.0,18.0,17.0,6.0
Business Analyst,13.0,8.0,6.0,17.0,12.0,17.0,17.0,6.0
Business Analyst,12.0,8.0,6.0,17.0,11.0,19.0,17.0,6.0
Business Analyst,11.0,5.0,5.0,17.0,13.0,20.0,17.0,6.0
Business Analyst,14.0,5.0,5.0,17.0,14.0,19.0,17.0,6.0
Business Analyst,13.0,5.0,6.0,17.0,12.0,18.0,17.0,6.0
Business Analyst,12.0,5.0,6.0,17.0,13.0,17.0,17.0,6.0
Business Analyst,11.0,5.0,5.0,17.0,14.0,19.0,17.0,6.0
Business Analyst,14.0,5.0,5.0,17.0,12.0,20.0,17.0,6.0
Business Analyst,13.0,5.0,6.0,15.0,11.0,19.0,17.0,6.0
Business Analyst,12.0,5.0,6.0,15.0,13.0,18.0,17.0,6.0
Business Analyst,11.0,5.0,7.0,15.0,14.0,17.0,17.0,6.0
Business Analyst,12.0,5.0,7.0,15.0,11.0,19.0,17.0,6.0
Banking,12.0,5.0,10.0,17.0,7.0,15.0,11.0,5.0
Banking,12.0,6.0,9.0,17.0,7.0,15.0,11.0,6.0
Banking,12.0,8.0,7.0,17.0,7.0,15.0,11.0,7.0
Banking,12.0,7.0,6.0,17.0,7.0,15.0,11.0,5.0
Banking,12.0,5.0,10.0,17.0,7.0,15.0,11.0,6.0
Banking,12.0,6.0,9.0,17.0,7.0,15.0,11.0,7.0
Banking,12.0,8.0,7.0,17.0,7.0,15.0,11.0,5.0
Banking,12.0,7.0,6.0,17.0,7.0,15.0,11.0,6.0
Banking,12.0,5.0,10.0,17.0,7.0,15.0,11.0,7.0
Banking,12.0,6.0,9.0,17.0,7.0,15.0,11.0,5.0
Banking,12.0,8.0,7.0,17.0,7.0,15.0,11.0,6.0
Banking,12.0,7.0,6.0,17.0,7.0,15.0,11.0,7.0
Banking,12.0,5.0,10.0,17.0,9.0,15.0,11.0,5.0
Banking,12.0,6.0,9.0,16.0,9.0,15.0,11.0,6.0
Banking,12.0,8.0,7.0,16.0,9.0,15.0,11.0,7.0
Banking,12.0,7.0,6.0,16.0,9.0,15.0,11.0,5.0
Banking,12.0,5.0,10.0,16.0,9.0,15.0,11.0,6.0
Banking,12.0,6.0,9.0,16.0,9.0,15.0,11.0,7.0
Banking,12.0,8.0,7.0,16.0,9.0,15.0,11.0,5.0
Banking,12.0,7.0,6.0,16.0,9.0,15.0,11.0,6.0
Banking,12.0,5.0,10.0,16.0,9.0,15.0,11.0,7.0
Banking,12.0,6.0,9.0,16.0,8.0,15.0,11.0,5.0
Banking,12.0,8.0,7.0,16.0,8.0,15.0,11.0,6.0
Banking,12.0,7.0,6.0,16.0,8.0,15.0,11.0,7.0
Banking,12.0,5.0,10.0,15.0,8.0,15.0,11.0,5.0
Banking,12.0,6.0,9.0,15.0,8.0,15.0,11.0,6.0
Banking,12.0,8.0,7.0,15.0,8.0,15.0,11.0,7.0
Banking,12.0,7.0,6.0,15.0,8.0,15.0,11.0,5.0
Banking,12.0,5.0,10.0,15.0,8.0,15.0,11.0,6.0
Banking,12.0,6.0,9.0,15.0,8.0,15.0,11.0,7.0
Banking,12.0,8.0,7.0,15.0,8.0,15.0,11.0,5.0
Banking,12.0,7.0,6.0,15.0,8.0,15.0,11.0,6.0
Banking,12.0,5.0,10.0,15.0,8.0,15.0,11.0,7.0
Banking,12.0,6.0,9.0,15.0,8.0,15.0,11.0,5.0
Banking,12.0,8.0,7.0,15.0,6.0,15.0,11.0,6.0
Banking,12.0,7.0,6.0,15.0,6.0,15.0,11.0,7.0
Banking,12.0,5.0,10.0,15.0,6.0,15.0,11.0,5.0
Banking,12.0,6.0,9.0,15.0,6.0,15.0,11.0,6.0
Banking,12.0,8.0,7.0,15.0,6.0,15.0,11.0,7.0
Banking,12.0,7.0,6.0,15.0,6.0,15.0,11.0,5.0
Banking,12.0,5.0,10.0,15.0,6.0,15.0,11.0,6.0
Banking,12.0,6.0,9.0,19.0,6.0,15.0,11.0,7.0
Banking,12.0,8.0,7.0,19.0,6.0,15.0,11.0,5.0
Banking,12.0,7.0,6.0,19.0,6.0,15.0,11.0,6.0
Banking,12.0,5.0,10.0,19.0,5.0,15.0,11.0,7.0
Banking,12.0,6.0,9.0,19.0,5.0,15.0,11.0,5.0
Banking,12.0,8.0,7.0,19.0,5.0,15.0,11.0,6.0
Banking,12.0,7.0,6.0,19.0,5.0,15.0,11.0,7.0
Banking,12.0,8.0,6.0,19.0,5.0,15.0,11.0,5.0
Banking,12.0,9.0,7.0,19.0,5.0,15.0,11.0,6.0
Stock Broker,11.0,5.0,10.0,19.0,8.0,19.0,18.0,6.0
Stock Broker,12.0,5.0,9.0,18.0,8.0,19.0,18.0,6.0
Stock Broker,13.0,6.0,7.0,19.0,8.0,19.0,18.0,6.0
Stock Broker,14.0,6.0,6.0,18.0,8.0,19.0,18.0,6.0
Stock Broker,11.0,7.0,10.0,19.0,8.0,19.0,18.0,6.0
Stock Broker,12.0,7.0,9.0,18.0,8.0,19.0,18.0,6.0
Stock Broker,13.0,8.0,7.0,19.0,8.0,19.0,18.0,6.0
Stock Broker,14.0,8.0,10.0,18.0,8.0,19.0,18.0,6.0
Stock Broker,11.0,9.0,9.0,19.0,8.0,19.0,18.0,6.0
Stock Broker,12.0,9.0,7.0,18.0,8.0,19.0,18.0,6.0
Stock Broker,13.0,5.0,6.0,19.0,8.0,19.0,18.0,6.0
Stock Broker,14.0,5.0,10.0,18.0,8.0,17.0,16.0,6.0
Stock Broker,11.0,6.0,9.0,19.0,8.0,17.0,16.0,6.0
Stock Broker,12.0,6.0,7.0,18.0,8.0,17.0,16.0,6.0
Stock Broker,13.0,7.0,10.0,19.0,8.0,17.0,16.0,6.0
Stock Broker,14.0,7.0,9.0,18.0,8.0,17.0,16.0,6.0
Stock Broker,11.0,8.0,7.0,19.0,8.0,17.0,16.0,6.0
Stock Broker,12.0,8.0,6.0,18.0,8.0,17.0,16.0,6.0
Stock Broker,13.0,9.0,10.0,19.0,8.0,17.0,16.0,6.0
Stock Broker,14.0,9.0,9.0,18.0,8.0,17.0,16.0,6.0
Stock Broker,11.0,5.0,7.0,19.0,8.0,17.0,16.0,6.0
Stock Broker,12.0,5.0,10.0,18.0,8.0,17.0,19.0,6.0
Stock Broker,13.0,6.0,10.0,19.0,8.0,17.0,19.0,6.0
Stock Broker,14.0,6.0,6.0,18.0,8.0,17.0,19.0,6.0
Stock Broker,11.0,7.0,6.0,19.0,8.0,17.0,19.0,6.0
Stock Broker,12.0,7.0,10.0,18.0,8.0,17.0,19.0,6.0
Stock Broker,13.0,8.0,9.0,19.0,8.0,16.0,19.0,6.0
Stock Broker,14.0,8.0,7.0,18.0,8.0,16.0,19.0,6.0
Stock Broker,11.0,9.0,6.0,19.0,8.0,16.0,19.0,6.0
Stock Broker,12.0,9.0,10.0,18.0,8.0,16.0,19.0,6.0
Stock Broker,13.0,5.0,9.0,19.0,8.0,16.0,19.0,6.0
Stock Broker,14.0,5.0,7.0,18.0,8.0,16.0,19.0,6.0
Stock Broker,11.0,6.0,6.0,19.0,8.0,16.0,19.0,6.0
Stock Broker,12.0,6.0,6.0,18.0,8.0,16.0,20.0,6.0
Stock Broker,13.0,7.0,6.0,19.0,8.0,16.0,20.0,6.0
Stock Broker,14.0,7.0,10.0,18.0,8.0,16.0,20.0,6.0
Stock Broker,11.0,8.0,9.0,19.0,8.0,16.0,20.0,6.0
Stock Broker,12.0,8.0,7.0,18.0,8.0,16.0,20.0,6.0
Stock Broker,13.0,9.0,6.0,19.0,8.0,16.0,20.0,6.0
Stock Broker,14.0,9.0,10.0,18.0,8.0,16.0,20.0,6.0
Stock Broker,11.0,5.0,9.0,19.0,8.0,16.0,20.0,6.0
Stock Broker,12.0,5.0,10.0,18.0,8.0,15.0,20.0,6.0
Stock Broker,13.0,6.0,9.0,19.0,8.0,15.0,20.0,6.0
Stock Broker,14.0,6.0,7.0,18.0,8.0,15.0,20.0,6.0
Stock Broker,11.0,7.0,6.0,19.0,8.0,15.0,20.0,6.0
Stock Broker,12.0,7.0,10.0,18.0,8.0,15.0,20.0,6.0
Stock Broker,13.0,8.0,9.0,19.0,8.0,15.0,20.0,6.0
Stock Broker,14.0,8.0,7.0,18.0,8.0,15.0,20.0,6.0
Stock Broker,13.0,9.0,6.0,19.0,8.0,15.0,20.0,6.0
Stock Broker,11.0,9.0,6.0,18.0,8.0,15.0,20.0,6.0
Financial Advisor,19.0,7.0,11.0,16.0,12.0,17.0,17.0,7.0
Financial Advisor,18.0,8.0,12.0,16.0,13.0,18.0,17.0,6.0
Financial Advisor,17.0,6.0,13.0,16.0,12.0,19.0,17.0,8.0
Financial Advisor,16.0,8.0,14.0,16.0,13.0,18.0,17.0,7.0
Financial Advisor,15.0,7.0,13.0,16.0,12.0,20.0,17.0,6.0
Financial Advisor,20.0,8.0,12.0,16.0,13.0,19.0,17.0,8.0
Financial Advisor,15.0,6.0,11.0,16.0,12.0,18.0,17.0,7.0
Financial Advisor,16.0,8.0,11.0,16.0,13.0,17.0,17.0,6.0
Financial Advisor,17.0,7.0,12.0,16.0,12.0,16.0,17.0,8.0
Financial Advisor,18.0,8.0,13.0,16.0,13.0,15.0,17.0,7.0
Financial Advisor,19.0,6.0,14.0,16.0,12.0,17.0,17.0,6.0
Financial Advisor,20.0,8.0,13.0,16.0,13.0,18.0,17.0,8.0
Financial Advisor,19.0,7.0,12.0,16.0,12.0,19.0,17.0,7.0
Financial Advisor,18.0,8.0,11.0,16.0,13.0,18.0,17.0,6.0
Financial Advisor,17.0,6.0,11.0,16.0,12.0,20.0,17.0,8.0
Financial Advisor,16.0,8.0,12.0,16.0,13.0,19.0,17.0,7.0
Financial Advisor,15.0,7.0,13.0,16.0,12.0,18.0,17.0,6.0
Financial Advisor,20.0,8.0,14.0,16.0,13.0,17.0,17.0,8.0
Financial Advisor,15.0,6.0,13.0,15.0,12.0,16.0,17.0,7.0
Financial Advisor,16.0,8.0,12.0,15.0,13.0,15.0,17.0,6.0
Financial Advisor,17.0,7.0,11.0,15.0,12.0,18.0,17.0,8.0
Financial Advisor,18.0,8.0,11.0,15.0,13.0,17.0,17.0,7.0
Financial Advisor,19.0,6.0,12.0,15.0,12.0,18.0,17.0,6.0
Financial Advisor,20.0,8.0,13.0,15.0,13.0,19.0,17.0,8.0
Financial Advisor,19.0,7.0,14.0,15.0,12.0,18.0,17.0,7.0
Financial Advisor,18.0,8.0,13.0,15.0,13.0,20.0,17.0,6.0
Financial Advisor,17.0,6.0,12.0,15.0,12.0,19.0,17.0,8.0
Financial Advisor,16.0,8.0,11.0,15.0,13.0,18.0,17.0,7.0
Financial Advisor,15.0,7.0,11.0,15.0,12.0,17.0,17.0,6.0
Financial Advisor,20.0,8.0,12.0,15.0,13.0,16.0,17.0,8.0
Financial Advisor,15.0,6.0,13.0,15.0,12.0,15.0,17.0,7.0
Financial Advisor,16.0,8.0,14.0,15.0,13.0,17.0,17.0,6.0
Financial Advisor,17.0,7.0,13.0,15.0,12.0,18.0,17.0,8.0
Financial Advisor,18.0,8.0,12.0,15.0,13.0,19.0,17.0,7.0
Financial Advisor,19.0,6.0,11.0,15.0,12.0,18.0,17.0,6.0
Financial Advisor,20.0,8.0,11.0,18.0,13.0,20.0,17.0,8.0
Financial Advisor,19.0,7.0,12.0,18.0,12.0,19.0,17.0,7.0
Financial Advisor,18.0,8.0,13.0,18.0,13.0,18.0,17.0,6.0
Financial Advisor,17.0,6.0,14.0,18.0,12.0,17.0,17.0,8.0
Financial Advisor,16.0,8.0,13.0,18.0,13.0,16.0,17.0,7.0
Financial Advisor,15.0,7.0,12.0,18.0,12.0,15.0,17.0,6.0
Financial Advisor,20.0,8.0,11.0,18.0,13.0,17.0,17.0,8.0
Financial Advisor,15.0,6.0,12.0,18.0,12.0,18.0,17.0,7.0
Financial Advisor,16.0,8.0,11.0,18.0,13.0,19.0,17.0,6.0
Financial Advisor,17.0,7.0,11.0,18.0,12.0,18.0,17.0,8.0
Financial Advisor,18.0,8.0,12.0,18.0,13.0,20.0,17.0,7.0
Financial Advisor,19.0,6.0,13.0,18.0,12.0,19.0,17.0,6.0
Financial Advisor,20.0,8.0,14.0,18.0,13.0,18.0,17.0,8.0
Financial Advisor,16.0,9.0,13.0,18.0,14.0,17.0,17.0,9.0
Financial Advisor,18.0,7.0,12.0,18.0,11.0,16.0,17.0,6.0
Consultant,12.0,5.0,7.0,20.0,5.0,16.0,20.0,5.0
Consultant,11.0,6.0,6.0,17.0,9.0,15.0,19.0,6.0
Consultant,13.0,7.0,5.0,16.0,7.0,17.0,18.0,7.0
Consultant,14.0,5.0,8.0,19.0,6.0,18.0,17.0,5.0
Consultant,11.0,6.0,9.0,15.0,6.0,20.0,16.0,6.0
Consultant,12.0,7.0,6.0,18.0,7.0,16.0,15.0,7.0
Consultant,11.0,5.0,5.0,19.0,5.0,15.0,20.0,5.0
Consultant,13.0,6.0,9.0,16.0,9.0,17.0,19.0,6.0
Consultant,14.0,7.0,7.0,17.0,7.0,18.0,18.0,7.0
Consultant,11.0,8.0,6.0,16.0,6.0,20.0,17.0,8.0
Consultant,12.0,9.0,5.0,19.0,6.0,16.0,16.0,9.0
Consultant,11.0,10.0,9.0,15.0,7.0,15.0,15.0,10.0
Consultant,13.0,8.0,6.0,18.0,5.0,17.0,20.0,8.0
Consultant,14.0,9.0,5.0,19.0,9.0,18.0,19.0,9.0
Consultant,11.0,10.0,9.0,16.0,7.0,20.0,18.0,10.0
Consultant,12.0,8.0,9.0,17.0,6.0,16.0,17.0,8.0
Consultant,11.0,9.0,6.0,16.0,6.0,15.0,16.0,9.0
Consultant,13.0,10.0,5.0,19.0,6.0,17.0,15.0,10.0
Consultant,14.0,8.0,9.0,15.0,6.0,18.0,20.0,8.0
Consultant,11.0,9.0,7.0,18.0,5.0,20.0,19.0,9.0
Consultant,12.0,10.0,6.0,19.0,9.0,16.0,18.0,10.0
Consultant,11.0,6.0,6.0,16.0,7.0,15.0,17.0,6.0
Consultant,13.0,6.0,9.0,17.0,6.0,17.0,16.0,6.0
Consultant,14.0,6.0,6.0,16.0,6.0,18.0,15.0,6.0
Consultant,11.0,6.0,5.0,19.0,5.0,20.0,20.0,6.0
Consultant,12.0,6.0,9.0,15.0,9.0,16.0,19.0,6.0
Consultant,11.0,6.0,7.0,18.0,7.0,15.0,18.0,6.0
Consultant,13.0,6.0,6.0,19.0,6.0,17.0,17.0,6.0
Consultant,14.0,6.0,6.0,16.0,6.0,18.0,16.0,6.0
Consultant,11.0,5.0,9.0,20.0,6.0,20.0,15.0,9.0
Consultant,12.0,9.0,6.0,19.0,6.0,16.0,20.0,6.0
Consultant,11.0,7.0,5.0,18.0,9.0,15.0,19.0,5.0
Consultant,13.0,6.0,9.0,17.0,9.0,17.0,18.0,9.0
Consultant,14.0,6.0,7.0,15.0,9.0,18.0,17.0,7.0
Consultant,11.0,7.0,9.0,16.0,9.0,20.0,16.0,7.0
Consultant,12.0,8.0,9.0,15.0,9.0,16.0,15.0,8.0
Consultant,11.0,8.0,9.0,20.0,9.0,15.0,20.0,8.0
Consultant,13.0,8.0,9.0,19.0,9.0,17.0,19.0,8.0
Consultant,14.0,8.0,6.0,18.0,9.0,18.0,18.0,8.0
Consultant,11.0,8.0,5.0,17.0,9.0,20.0,17.0,8.0
Consultant,12.0,8.0,9.0,15.0,9.0,16.0,16.0,8.0
Consultant,11.0,8.0,7.0,16.0,9.0,15.0,15.0,8.0
Consultant,13.0,8.0,8.0,15.0,10.0,17.0,20.0,8.0
Consultant,14.0,9.0,7.0,20.0,8.0,18.0,19.0,9.0
Consultant,11.0,9.0,6.0,19.0,7.0,20.0,18.0,9.0
Consultant,12.0,9.0,5.0,18.0,6.0,16.0,17.0,9.0
Consultant,11.0,9.0,9.0,17.0,5.0,15.0,16.0,9.0
Consultant,13.0,9.0,8.0,15.0,10.0,17.0,15.0,9.0
Consultant,14.0,9.0,7.0,16.0,9.0,18.0,17.0,9.0
Consultant,11.0,9.0,5.0,15.0,7.0,20.0,15.0,9.0
Archeologist,11.0,5.0,12.0,11.0,12.0,5.0,18.0,20.0
Archeologist,12.0,6.0,12.0,12.0,12.0,6.0,19.0,20.0
Archeologist,13.0,7.0,13.0,13.0,12.0,7.0,20.0,20.0
Archeologist,14.0,5.0,13.0,14.0,12.0,8.0,17.0,15.0
Archeologist,11.0,6.0,14.0,11.0,12.0,9.0,16.0,18.0
Archeologist,12.0,7.0,14.0,11.0,12.0,10.0,15.0,19.0
Archeologist,13.0,5.0,11.0,12.0,12.0,9.0,18.0,20.0
Archeologist,14.0,6.0,11.0,12.0,12.0,8.0,19.0,17.0
Archeologist,11.0,7.0,12.0,14.0,12.0,7.0,20.0,20.0
Archeologist,12.0,8.0,12.0,11.0,12.0,6.0,17.0,15.0
Archeologist,13.0,9.0,13.0,12.0,12.0,5.0,16.0,18.0
Archeologist,14.0,10.0,13.0,11.0,12.0,5.0,15.0,19.0
Archeologist,11.0,8.0,14.0,14.0,12.0,6.0,18.0,20.0
Archeologist,12.0,9.0,14.0,11.0,12.0,7.0,19.0,17.0
Archeologist,13.0,10.0,11.0,12.0,12.0,8.0,20.0,20.0
Archeologist,14.0,8.0,11.0,11.0,12.0,9.0,17.0,15.0
Archeologist,11.0,9.0,12.0,14.0,12.0,10.0,16.0,18.0
Archeologist,12.0,10.0,12.0,11.0,12.0,9.0,15.0,19.0
Archeologist,13.0,8.0,13.0,12.0,14.0,8.0,20.0,20.0
Archeologist,14.0,9.0,13.0,11.0,14.0,7.0,15.0,17.0
Archeologist,11.0,10.0,14.0,11.0,14.0,6.0,18.0,19.0
Archeologist,12.0,6.0,14.0,11.0,14.0,5.0,19.0,15.0
Archeologist,13.0,5.0,11.0,14.0,14.0,5.0,20.0,18.0
Archeologist,14.0,5.0,11.0,11.0,14.0,6.0,17.0,19.0
Archeologist,11.0,6.0,12.0,12.0,14.0,7.0,20.0,20.0
Archeologist,12.0,7.0,12.0,12.0,14.0,8.0,15.0,17.0
Archeologist,13.0,8.0,13.0,12.0,14.0,9.0,18.0,19.0
Archeologist,14.0,6.0,13.0,12.0,14.0,10.0,19.0,15.0
Archeologist,11.0,6.0,14.0,14.0,14.0,9.0,20.0,18.0
Archeologist,12.0,6.0,14.0,11.0,14.0,8.0,17.0,19.0
Archeologist,13.0,5.0,11.0,12.0,14.0,7.0,20.0,20.0
Archeologist,14.0,5.0,11.0,12.0,11.0,6.0,15.0,17.0
Archeologist,11.0,6.0,12.0,12.0,11.0,5.0,18.0,19.0
Archeologist,12.0,7.0,12.0,12.0,11.0,5.0,19.0,15.0
Archeologist,13.0,8.0,13.0,12.0,11.0,6.0,20.0,18.0
Archeologist,14.0,8.0,13.0,12.0,11.0,7.0,17.0,19.0
Archeologist,11.0,6.0,14.0,12.0,11.0,8.0,19.0,20.0
Archeologist,12.0,5.0,14.0,12.0,11.0,9.0,15.0,17.0
Archeologist,13.0,5.0,11.0,13.0,11.0,10.0,18.0,15.0
Archeologist,14.0,6.0,11.0,13.0,11.0,9.0,19.0,15.0
Archeologist,11.0,7.0,12.0,13.0,11.0,8.0,20.0,15.0
Archeologist,12.0,8.0,12.0,13.0,11.0,7.0,17.0,18.0
Archeologist,13.0,8.0,13.0,13.0,11.0,6.0,15.0,19.0
Archeologist,14.0,9.0,13.0,13.0,11.0,5.0,18.0,20.0
Archeologist,11.0,6.0,14.0,13.0,11.0,10.0,19.0,17.0
Archeologist,12.0,5.0,14.0,13.0,11.0,9.0,20.0,15.0
Archeologist,13.0,5.0,11.0,13.0,11.0,8.0,17.0,18.0
Archeologist,14.0,6.0,11.0,13.0,11.0,7.0,19.0,19.0
Archeologist,11.0,7.0,11.0,13.0,11.0,6.0,18.0,20.0
Archeologist,12.0,8.0,11.0,13.0,11.0,5.0,16.0,17.0
Pre Primary Teacher (2020 NEP and Mental Health),15.0,12.0,18.0,11.0,12.0,20.0,5.0,5.0
Pre Primary Teacher (2020 NEP and Mental Health),18.0,13.0,19.0,12.0,12.0,20.0,6.0,6.0
Pre Primary Teacher (2020 NEP and Mental Health),19.0,14.0,20.0,13.0,12.0,20.0,7.0,7.0
Pre Primary Teacher (2020 NEP and Mental Health),20.0,11.0,17.0,14.0,12.0,20.0,5.0,5.0
Pre Primary Teacher (2020 NEP and Mental Health),17.0,12.0,16.0,13.0,12.0,20.0,6.0,6.0
Pre Primary Teacher (2020 NEP and Mental Health),20.0,13.0,15.0,12.0,12.0,20.0,8.0,7.0
Pre Primary Teacher (2020 NEP and Mental Health),15.0,14.0,18.0,11.0,12.0,20.0,9.0,5.0
Pre Primary Teacher (2020 NEP and Mental Health),18.0,11.0,19.0,11.0,12.0,20.0,10.0,6.0
Pre Primary Teacher (2020 NEP and Mental Health),19.0,12.0,20.0,12.0,12.0,20.0,8.0,7.0
Pre Primary Teacher (2020 NEP and Mental Health),20.0,13.0,17.0,13.0,12.0,20.0,9.0,8.0
Pre Primary Teacher (2020 NEP and Mental Health),17.0,14.0,16.0,14.0,12.0,20.0,10.0,9.0
Pre Primary Teacher (2020 NEP and Mental Health),15.0,11.0,15.0,13.0,12.0,20.0,8.0,10.0
Pre Primary Teacher (2020 NEP and Mental Health),18.0,12.0,18.0,12.0,12.0,20.0,9.0,8.0
Pre Primary Teacher (2020 NEP and Mental Health),19.0,13.0,19.0,11.0,12.0,20.0,10.0,9.0
Pre Primary Teacher (2020 NEP and Mental Health),20.0,14.0,20.0,11.0,12.0,20.0,8.0,10.0
Pre Primary Teacher (2020 NEP and Mental Health),17.0,11.0,17.0,12.0,12.0,20.0,9.0,8.0
Pre Primary Teacher (2020 NEP and Mental Health),19.0,12.0,16.0,13.0,12.0,19.0,10.0,9.0
Pre Primary Teacher (2020 NEP and Mental Health),19.0,13.0,15.0,14.0,12.0,19.0,8.0,10.0
Pre Primary Teacher (2020 NEP and Mental Health),19.0,14.0,20.0,13.0,14.0,19.0,9.0,8.0
Pre Primary Teacher (2020 NEP and Mental Health),15.0,11.0,19.0,12.0,14.0,19.0,10.0,9.0
Pre Primary Teacher (2020 NEP and Mental Health),18.0,12.0,15.0,11.0,14.0,19.0,8.0,10.0
Pre Primary Teacher (2020 NEP and Mental Health),19.0,13.0,18.0,11.0,14.0,19.0,9.0,6.0
Pre Primary Teacher (2020 NEP and Mental Health),20.0,14.0,19.0,12.0,14.0,19.0,10.0,6.0
Pre Primary Teacher (2020 NEP and Mental Health),17.0,11.0,20.0,13.0,14.0,19.0,6.0,7.0
Pre Primary Teacher (2020 NEP and Mental Health),19.0,12.0,20.0,14.0,14.0,19.0,8.0,5.0
Pre Primary Teacher (2020 NEP and Mental Health),15.0,13.0,20.0,13.0,14.0,19.0,9.0,6.0
Pre Primary Teacher (2020 NEP and Mental Health),18.0,14.0,19.0,12.0,14.0,19.0,10.0,8.0
Pre Primary Teacher (2020 NEP and Mental Health),19.0,11.0,15.0,11.0,14.0,19.0,8.0,6.0
Pre Primary Teacher (2020 NEP and Mental Health),20.0,12.0,18.0,11.0,14.0,19.0,9.0,5.0
Pre Primary Teacher (2020 NEP and Mental Health),17.0,13.0,19.0,12.0,14.0,19.0,10.0,7.0
Pre Primary Teacher (2020 NEP and Mental Health),19.0,14.0,20.0,13.0,14.0,19.0,6.0,5.0
Pre Primary Teacher (2020 NEP and Mental Health),15.0,11.0,19.0,14.0,11.0,19.0,8.0,6.0
Pre Primary Teacher (2020 NEP and Mental Health),18.0,12.0,20.0,13.0,12.0,19.0,9.0,8.0
Pre Primary Teacher (2020 NEP and Mental Health),19.0,13.0,20.0,12.0,11.0,19.0,10.0,7.0
Pre Primary Teacher (2020 NEP and Mental Health),20.0,14.0,19.0,11.0,12.0,15.0,8.0,7.0
Pre Primary Teacher (2020 NEP and Mental Health),17.0,11.0,19.0,11.0,11.0,15.0,9.0,5.0
Pre Primary Teacher (2020 NEP and Mental Health),15.0,12.0,19.0,12.0,13.0,15.0,10.0,6.0
Pre Primary Teacher (2020 NEP and Mental Health),15.0,13.0,19.0,13.0,11.0,15.0,9.0,8.0
Pre Primary Teacher (2020 NEP and Mental Health),15.0,14.0,19.0,14.0,11.0,15.0,9.0,7.0
Pre Primary Teacher (2020 NEP and Mental Health),15.0,11.0,15.0,13.0,14.0,15.0,9.0,5.0
Pre Primary Teacher (2020 NEP and Mental Health),18.0,12.0,18.0,12.0,11.0,15.0,9.0,6.0
Pre Primary Teacher (2020 NEP and Mental Health),19.0,13.0,18.0,11.0,11.0,15.0,9.0,8.0
Pre Primary Teacher (2020 NEP and Mental Health),20.0,14.0,19.0,11.0,11.0,15.0,7.0,8.0
Pre Primary Teacher (2020 NEP and Mental Health),17.0,11.0,19.0,12.0,13.0,15.0,5.0,9.0
Pre Primary Teacher (2020 NEP and Mental Health),15.0,12.0,19.0,13.0,11.0,15.0,6.0,7.0
Pre Primary Teacher (2020 NEP and Mental Health),18.0,13.0,15.0,14.0,11.0,15.0,7.0,5.0
Pre Primary Teacher (2020 NEP and Mental Health),19.0,14.0,18.0,13.0,11.0,15.0,5.0,6.0
Pre Primary Teacher (2020 NEP and Mental Health),20.0,11.0,19.0,12.0,11.0,15.0,6.0,8.0
Pre Primary Teacher (2020 NEP and Mental Health),17.0,12.0,19.0,11.0,11.0,15.0,8.0,9.0
Pre Primary Teacher (2020 NEP and Mental Health),15.0,11.0,16.0,12.0,11.0,15.0,9.0,6.0
Primary Teacher,20.0,19.0,15.0,12.0,5.0,11.0,12.0,6.0
Primary Teacher,19.0,19.0,16.0,11.0,6.0,11.0,12.0,7.0
Primary Teacher,18.0,19.0,17.0,13.0,7.0,11.0,12.0,5.0
Primary Teacher,17.0,19.0,18.0,14.0,5.0,11.0,12.0,6.0
Primary Teacher,16.0,19.0,20.0,12.0,6.0,11.0,12.0,6.0
Primary Teacher,15.0,19.0,19.0,12.0,7.0,11.0,12.0,7.0
Primary Teacher,19.0,19.0,16.0,12.0,5.0,11.0,12.0,5.0
Primary Teacher,18.0,19.0,17.0,12.0,6.0,11.0,12.0,6.0
Primary Teacher,17.0,19.0,18.0,12.0,7.0,11.0,12.0,6.0
Primary Teacher,16.0,19.0,19.0,12.0,8.0,11.0,12.0,7.0
Primary Teacher,20.0,19.0,15.0,12.0,9.0,11.0,12.0,5.0
Primary Teacher,19.0,19.0,16.0,12.0,10.0,11.0,12.0,6.0
Primary Teacher,18.0,19.0,17.0,12.0,8.0,11.0,12.0,7.0
Primary Teacher,17.0,19.0,18.0,12.0,9.0,11.0,12.0,6.0
Primary Teacher,16.0,19.0,20.0,12.0,10.0,11.0,12.0,7.0
Primary Teacher,15.0,19.0,19.0,12.0,8.0,11.0,12.0,5.0
Primary Teacher,19.0,19.0,16.0,12.0,9.0,11.0,12.0,6.0
Primary Teacher,18.0,19.0,17.0,12.0,10.0,11.0,12.0,6.0
Primary Teacher,17.0,19.0,18.0,14.0,8.0,11.0,14.0,7.0
Primary Teacher,16.0,19.0,19.0,14.0,9.0,11.0,14.0,5.0
Primary Teacher,20.0,19.0,15.0,14.0,8.0,11.0,14.0,6.0
Primary Teacher,19.0,17.0,16.0,14.0,9.0,11.0,14.0,10.0
Primary Teacher,18.0,16.0,17.0,14.0,6.0,12.0,14.0,8.0
Primary Teacher,17.0,15.0,18.0,14.0,10.0,12.0,14.0,9.0
Primary Teacher,16.0,20.0,20.0,14.0,8.0,12.0,14.0,6.0
Primary Teacher,15.0,19.0,19.0,14.0,9.0,12.0,14.0,10.0
Primary Teacher,19.0,19.0,16.0,14.0,6.0,12.0,14.0,8.0
Primary Teacher,18.0,19.0,17.0,14.0,8.0,12.0,14.0,9.0
Primary Teacher,17.0,19.0,18.0,14.0,9.0,12.0,14.0,10.0
Primary Teacher,16.0,19.0,19.0,14.0,6.0,12.0,14.0,8.0
Primary Teacher,20.0,17.0,15.0,14.0,10.0,12.0,14.0,9.0
Primary Teacher,19.0,16.0,16.0,11.0,8.0,12.0,11.0,9.0
Primary Teacher,18.0,15.0,17.0,11.0,9.0,12.0,11.0,10.0
Primary Teacher,17.0,20.0,18.0,11.0,7.0,12.0,11.0,8.0
Primary Teacher,16.0,19.0,20.0,11.0,7.0,12.0,11.0,9.0
Primary Teacher,15.0,19.0,19.0,11.0,8.0,12.0,11.0,10.0
Primary Teacher,19.0,19.0,16.0,11.0,9.0,12.0,11.0,8.0
Primary Teacher,18.0,19.0,17.0,11.0,6.0,12.0,11.0,9.0
Primary Teacher,17.0,19.0,18.0,11.0,10.0,13.0,11.0,10.0
Primary Teacher,16.0,17.0,19.0,11.0,8.0,13.0,11.0,8.0
Primary Teacher,20.0,16.0,15.0,11.0,9.0,13.0,11.0,9.0
Primary Teacher,19.0,15.0,15.0,11.0,8.0,13.0,11.0,9.0
Primary Teacher,18.0,20.0,16.0,11.0,8.0,13.0,11.0,8.0
Primary Teacher,17.0,20.0,17.0,11.0,9.0,13.0,11.0,9.0
Primary Teacher,16.0,20.0,18.0,11.0,6.0,13.0,11.0,6.0
Primary Teacher,15.0,20.0,20.0,11.0,10.0,13.0,11.0,10.0
Primary Teacher,19.0,20.0,19.0,11.0,8.0,13.0,11.0,8.0
Primary Teacher,18.0,20.0,16.0,11.0,9.0,13.0,11.0,9.0
Primary Teacher,17.0,20.0,17.0,11.0,7.0,13.0,11.0,10.0
Primary Teacher,16.0,20.0,18.0,11.0,8.0,13.0,11.0,7.0
"Middle, Higher School Teacher and Professors",12.0,14.0,11.0,17.0,7.0,15.0,20.0,5.0
"Middle, Higher School Teacher and Professors",13.0,11.0,12.0,16.0,6.0,16.0,19.0,6.0
"Middle, Higher School Teacher and Professors",14.0,13.0,13.0,20.0,5.0,17.0,18.0,7.0
"Middle, Higher School Teacher and Professors",11.0,12.0,12.0,19.0,8.0,18.0,17.0,5.0
"Middle, Higher School Teacher and Professors",12.0,13.0,13.0,18.0,9.0,19.0,16.0,6.0
"Middle, Higher School Teacher and Professors",13.0,12.0,14.0,17.0,10.0,20.0,20.0,7.0
"Middle, Higher School Teacher and Professors",12.0,11.0,11.0,16.0,9.0,15.0,15.0,5.0
"Middle, Higher School Teacher and Professors",13.0,14.0,12.0,15.0,8.0,16.0,16.0,6.0
"Middle, Higher School Teacher and Professors",14.0,11.0,13.0,19.0,6.0,17.0,17.0,7.0
"Middle, Higher School Teacher and Professors",11.0,13.0,12.0,18.0,7.0,18.0,18.0,8.0
"Middle, Higher School Teacher and Professors",12.0,12.0,13.0,17.0,7.0,19.0,19.0,9.0
"Middle, Higher School Teacher and Professors",13.0,13.0,14.0,16.0,6.0,20.0,20.0,10.0
"Middle, Higher School Teacher and Professors",12.0,11.0,11.0,20.0,5.0,15.0,19.0,8.0
"Middle, Higher School Teacher and Professors",13.0,14.0,12.0,19.0,8.0,16.0,18.0,9.0
"Middle, Higher School Teacher and Professors",14.0,11.0,13.0,18.0,9.0,17.0,17.0,10.0
"Middle, Higher School Teacher and Professors",11.0,13.0,12.0,17.0,10.0,18.0,16.0,8.0
"Middle, Higher School Teacher and Professors",12.0,12.0,13.0,16.0,9.0,19.0,20.0,9.0
"Middle, Higher School Teacher and Professors",13.0,13.0,14.0,15.0,8.0,20.0,15.0,10.0
"Middle, Higher School Teacher and Professors",12.0,11.0,11.0,19.0,6.0,15.0,16.0,8.0
"Middle, Higher School Teacher and Professors",13.0,14.0,12.0,18.0,7.0,16.0,17.0,9.0
"Middle, Higher School Teacher and Professors",14.0,11.0,13.0,17.0,7.0,17.0,18.0,10.0
"Middle, Higher School Teacher and Professors",11.0,13.0,12.0,16.0,6.0,18.0,19.0,8.0
"Middle, Higher School Teacher and Professors",12.0,12.0,13.0,20.0,5.0,19.0,20.0,9.0
"Middle, Higher School Teacher and Professors",13.0,13.0,14.0,19.0,8.0,20.0,19.0,10.0
"Middle, Higher School Teacher and Professors",12.0,12.0,11.0,18.0,9.0,15.0,18.0,8.0
"Middle, Higher School Teacher and Professors",13.0,14.0,12.0,17.0,10.0,16.0,17.0,9.0
"Middle, Higher School Teacher and Professors",14.0,11.0,13.0,16.0,9.0,17.0,16.0,6.0
"Middle, Higher School Teacher and Professors",11.0,13.0,12.0,15.0,8.0,18.0,20.0,6.0
"Middle, Higher School Teacher and Professors",12.0,12.0,13.0,19.0,6.0,19.0,15.0,10.0
"Middle, Higher School Teacher and Professors",13.0,13.0,14.0,18.0,7.0,20.0,16.0,8.0
"Middle, Higher School Teacher and Professors",12.0,14.0,11.0,17.0,7.0,15.0,17.0,9.0
"Middle, Higher School Teacher and Professors",13.0,11.0,12.0,16.0,6.0,16.0,18.0,10.0
"Middle, Higher School Teacher and Professors",14.0,13.0,13.0,20.0,5.0,17.0,19.0,8.0
"Middle, Higher School Teacher and Professors",11.0,12.0,12.0,19.0,8.0,18.0,20.0,9.0
"Middle, Higher School Teacher and Professors",12.0,13.0,13.0,18.0,9.0,19.0,19.0,7.0
"Middle, Higher School Teacher and Professors",13.0,12.0,14.0,17.0,10.0,20.0,18.0,10.0
"Middle, Higher School Teacher and Professors",12.0,14.0,11.0,16.0,9.0,15.0,17.0,8.0
"Middle, Higher School Teacher and Professors",13.0,11.0,12.0,15.0,8.0,16.0,16.0,9.0
"Middle, Higher School Teacher and Professors",14.0,13.0,13.0,19.0,6.0,17.0,20.0,10.0
"Middle, Higher School Teacher and Professors",11.0,12.0,12.0,18.0,7.0,18.0,15.0,8.0
"Middle, Higher School Teacher and Professors",12.0,13.0,13.0,17.0,7.0,19.0,16.0,9.0
"Middle, Higher School Teacher and Professors",13.0,14.0,14.0,16.0,6.0,20.0,20.0,8.0
"Middle, Higher School Teacher and Professors",12.0,11.0,11.0,17.0,5.0,15.0,19.0,10.0
"Middle, Higher School Teacher and Professors",13.0,13.0,12.0,16.0,8.0,16.0,18.0,8.0
"Middle, Higher School Teacher and Professors",14.0,12.0,13.0,15.0,9.0,17.0,17.0,9.0
"Middle, Higher School Teacher and Professors",11.0,14.0,12.0,19.0,10.0,18.0,16.0,10.0
"Middle, Higher School Teacher and Professors",12.0,11.0,13.0,18.0,9.0,19.0,20.0,8.0
"Middle, Higher School Teacher and Professors",13.0,13.0,14.0,17.0,8.0,20.0,15.0,9.0
"Middle, Higher School Teacher and Professors",14.0,12.0,13.0,16.0,6.0,18.0,16.0,7.0
"Middle, Higher School Teacher and Professors",12.0,13.0,14.0,15.0,7.0,19.0,17.0,8.0
Anthropologist,11.0,5.0,7.0,18.0,15.0,7.0,19.0,12.0
Anthropologist,13.0,6.0,7.0,19.0,16.0,7.0,19.0,13.0
Anthropologist,14.0,7.0,8.0,20.0,17.0,7.0,20.0,14.0
Anthropologist,12.0,8.0,9.0,17.0,18.0,7.0,17.0,11.0
Anthropologist,13.0,9.0,10.0,16.0,19.0,7.0,16.0,12.0
Anthropologist,11.0,8.0,6.0,15.0,20.0,7.0,15.0,13.0
Anthropologist,13.0,7.0,7.0,18.0,15.0,7.0,18.0,12.0
Anthropologist,14.0,6.0,8.0,19.0,16.0,7.0,19.0,13.0
Anthropologist,12.0,5.0,9.0,20.0,17.0,7.0,20.0,14.0
Anthropologist,13.0,5.0,7.0,17.0,18.0,7.0,17.0,11.0
Anthropologist,11.0,6.0,8.0,16.0,19.0,7.0,16.0,12.0
Anthropologist,13.0,7.0,9.0,15.0,20.0,7.0,15.0,13.0
Anthropologist,14.0,8.0,10.0,18.0,15.0,7.0,18.0,12.0
Anthropologist,12.0,9.0,6.0,19.0,16.0,7.0,19.0,13.0
Anthropologist,13.0,8.0,7.0,20.0,17.0,7.0,20.0,14.0
Anthropologist,11.0,7.0,8.0,17.0,18.0,7.0,17.0,11.0
Anthropologist,13.0,6.0,9.0,16.0,19.0,7.0,16.0,12.0
Anthropologist,14.0,5.0,7.0,15.0,20.0,6.0,15.0,13.0
Anthropologist,12.0,5.0,8.0,17.0,15.0,6.0,20.0,12.0
Anthropologist,13.0,6.0,9.0,16.0,16.0,6.0,16.0,13.0
Anthropologist,11.0,7.0,10.0,15.0,17.0,6.0,15.0,14.0
Anthropologist,13.0,8.0,6.0,18.0,18.0,6.0,19.0,11.0
Anthropologist,14.0,9.0,7.0,19.0,19.0,6.0,17.0,12.0
Anthropologist,12.0,8.0,8.0,20.0,20.0,6.0,20.0,13.0
Anthropologist,13.0,7.0,9.0,17.0,15.0,6.0,16.0,12.0
Anthropologist,11.0,6.0,7.0,16.0,16.0,6.0,15.0,13.0
Anthropologist,13.0,5.0,8.0,15.0,17.0,6.0,19.0,14.0
Anthropologist,14.0,5.0,9.0,17.0,18.0,6.0,17.0,11.0
Anthropologist,12.0,6.0,10.0,16.0,19.0,6.0,20.0,12.0
Anthropologist,13.0,7.0,6.0,15.0,20.0,6.0,16.0,13.0
Anthropologist,11.0,8.0,7.0,18.0,15.0,6.0,15.0,12.0
Anthropologist,13.0,9.0,8.0,19.0,16.0,9.0,19.0,13.0
Anthropologist,14.0,8.0,9.0,20.0,17.0,9.0,17.0,14.0
Anthropologist,12.0,7.0,7.0,17.0,18.0,9.0,16.0,11.0
Anthropologist,13.0,6.0,8.0,16.0,19.0,9.0,15.0,12.0
Anthropologist,11.0,5.0,9.0,15.0,20.0,9.0,19.0,13.0
Anthropologist,13.0,9.0,10.0,19.0,15.0,9.0,17.0,12.0
Anthropologist,14.0,5.0,6.0,17.0,16.0,9.0,19.0,13.0
Anthropologist,12.0,6.0,7.0,16.0,17.0,9.0,19.0,14.0
Anthropologist,13.0,7.0,8.0,15.0,18.0,9.0,19.0,11.0
Anthropologist,11.0,8.0,9.0,18.0,19.0,9.0,16.0,12.0
Anthropologist,13.0,9.0,7.0,19.0,20.0,9.0,15.0,13.0
Anthropologist,14.0,8.0,8.0,20.0,15.0,10.0,19.0,12.0
Anthropologist,12.0,7.0,9.0,17.0,16.0,10.0,17.0,13.0
Anthropologist,13.0,6.0,10.0,16.0,17.0,10.0,19.0,14.0
Anthropologist,11.0,8.0,6.0,15.0,18.0,10.0,16.0,11.0
Anthropologist,13.0,7.0,7.0,16.0,19.0,10.0,15.0,12.0
Anthropologist,14.0,6.0,8.0,15.0,15.0,10.0,19.0,13.0
Anthropologist,12.0,5.0,9.0,19.0,19.0,10.0,17.0,14.0
Anthropologist,13.0,10.0,10.0,17.0,20.0,10.0,19.0,12.0
Medical,11.0,7.0,12.0,13.0,7.0,18.0,12.0,15.0
Medical,13.0,6.0,12.0,14.0,9.0,19.0,12.0,16.0
Medical,14.0,5.0,12.0,12.0,8.0,20.0,12.0,17.0
Medical,12.0,6.0,12.0,13.0,6.0,17.0,12.0,18.0
Medical,13.0,7.0,12.0,11.0,5.0,16.0,12.0,19.0
Medical,11.0,8.0,12.0,13.0,10.0,15.0,12.0,20.0
Medical,13.0,9.0,12.0,14.0,7.0,18.0,12.0,15.0
Medical,14.0,8.0,12.0,13.0,5.0,19.0,12.0,16.0
Medical,12.0,7.0,12.0,14.0,8.0,20.0,12.0,17.0
Medical,13.0,6.0,13.0,12.0,9.0,17.0,13.0,18.0
Medical,11.0,8.0,13.0,13.0,5.0,16.0,13.0,19.0
Medical,13.0,7.0,13.0,11.0,8.0,15.0,13.0,20.0
Medical,14.0,6.0,13.0,13.0,6.0,18.0,13.0,15.0
Medical,12.0,7.0,13.0,14.0,5.0,19.0,13.0,16.0
Medical,13.0,5.0,13.0,13.0,10.0,20.0,13.0,17.0
Medical,11.0,6.0,13.0,14.0,7.0,17.0,13.0,18.0
Medical,13.0,7.0,13.0,12.0,5.0,16.0,13.0,19.0
Medical,14.0,8.0,13.0,13.0,8.0,15.0,13.0,20.0
Medical,12.0,9.0,13.0,11.0,6.0,20.0,13.0,15.0
Medical,13.0,8.0,14.0,13.0,5.0,20.0,14.0,16.0
Medical,11.0,7.0,14.0,14.0,10.0,15.0,14.0,17.0
Medical,13.0,6.0,14.0,13.0,7.0,16.0,14.0,18.0
Medical,12.0,8.0,14.0,14.0,5.0,17.0,14.0,19.0
Medical,13.0,7.0,14.0,12.0,6.0,18.0,14.0,20.0
Medical,14.0,6.0,14.0,13.0,8.0,19.0,14.0,15.0
Medical,12.0,6.0,14.0,11.0,6.0,20.0,14.0,16.0
Medical,13.0,5.0,14.0,13.0,5.0,20.0,14.0,17.0
Medical,11.0,6.0,14.0,14.0,10.0,15.0,14.0,18.0
Medical,13.0,7.0,14.0,13.0,7.0,16.0,14.0,19.0
Medical,14.0,8.0,14.0,14.0,5.0,17.0,14.0,20.0
Medical,12.0,9.0,14.0,12.0,6.0,18.0,14.0,15.0
Medical,13.0,8.0,14.0,13.0,9.0,19.0,14.0,16.0
Medical,11.0,7.0,14.0,11.0,8.0,20.0,14.0,17.0
Medical,13.0,6.0,14.0,13.0,6.0,20.0,14.0,18.0
Medical,14.0,8.0,11.0,14.0,5.0,15.0,11.0,19.0
Medical,12.0,7.0,11.0,13.0,10.0,16.0,11.0,20.0
Medical,13.0,6.0,11.0,14.0,7.0,17.0,11.0,15.0
Medical,11.0,9.0,11.0,12.0,5.0,18.0,11.0,16.0
Medical,13.0,5.0,11.0,13.0,9.0,19.0,11.0,17.0
Medical,14.0,6.0,11.0,11.0,8.0,19.0,11.0,18.0
Medical,12.0,7.0,11.0,13.0,6.0,19.0,11.0,19.0
Medical,13.0,8.0,11.0,14.0,5.0,20.0,11.0,20.0
Medical,11.0,9.0,11.0,13.0,10.0,15.0,11.0,15.0
Medical,13.0,8.0,11.0,14.0,7.0,16.0,11.0,16.0
Medical,14.0,7.0,12.0,12.0,8.0,17.0,12.0,17.0
Medical,12.0,6.0,12.0,13.0,6.0,20.0,12.0,18.0
Medical,13.0,8.0,12.0,11.0,5.0,15.0,12.0,19.0
Medical,11.0,7.0,12.0,13.0,10.0,16.0,12.0,20.0
Medical,13.0,6.0,12.0,14.0,7.0,17.0,12.0,19.0
Medical,11.0,10.0,12.0,13.0,5.0,18.0,12.0,20.0
"Para Medical (physiotherapy, occupational theropy, audio and speech language theropy, nursing)",19.0,6.0,20.0,11.0,12.0,19.0,11.0,6.0
"Para Medical (physiotherapy, occupational theropy, audio and speech language theropy, nursing)",18.0,9.0,19.0,12.0,11.0,18.0,12.0,5.0
"Para Medical (physiotherapy, occupational theropy, audio and speech language theropy, nursing)",17.0,8.0,18.0,12.0,13.0,19.0,12.0,6.0
"Para Medical (physiotherapy, occupational theropy, audio and speech language theropy, nursing)",16.0,6.0,17.0,11.0,14.0,18.0,11.0,9.0
"Para Medical (physiotherapy, occupational theropy, audio and speech language theropy, nursing)",15.0,5.0,16.0,14.0,12.0,17.0,14.0,8.0
"Para Medical (physiotherapy, occupational theropy, audio and speech language theropy, nursing)",20.0,6.0,15.0,13.0,13.0,16.0,13.0,6.0
"Para Medical (physiotherapy, occupational theropy, audio and speech language theropy, nursing)",19.0,9.0,20.0,11.0,11.0,19.0,11.0,5.0
"Para Medical (physiotherapy, occupational theropy, audio and speech language theropy, nursing)",18.0,8.0,19.0,12.0,13.0,18.0,12.0,6.0
"Para Medical (physiotherapy, occupational theropy, audio and speech language theropy, nursing)",19.0,6.0,18.0,12.0,14.0,19.0,12.0,9.0
"Para Medical (physiotherapy, occupational theropy, audio and speech language theropy, nursing)",18.0,5.0,17.0,11.0,12.0,18.0,11.0,8.0
"Para Medical (physiotherapy, occupational theropy, audio and speech language theropy, nursing)",17.0,6.0,16.0,14.0,13.0,17.0,14.0,6.0
"Para Medical (physiotherapy, occupational theropy, audio and speech language theropy, nursing)",16.0,9.0,15.0,13.0,11.0,16.0,13.0,5.0
"Para Medical (physiotherapy, occupational theropy, audio and speech language theropy, nursing)",15.0,8.0,20.0,11.0,13.0,19.0,11.0,6.0
"Para Medical (physiotherapy, occupational theropy, audio and speech language theropy, nursing)",20.0,6.0,19.0,12.0,14.0,18.0,12.0,9.0
"Para Medical (physiotherapy, occupational theropy, audio and speech language theropy, nursing)",19.0,5.0,18.0,12.0,12.0,19.0,12.0,8.0
"Para Medical (physiotherapy, occupational theropy, audio and speech language theropy, nursing)",18.0,6.0,17.0,11.0,13.0,18.0,11.0,6.0
"Para Medical (physiotherapy, occupational theropy, audio and speech language theropy, nursing)",19.0,9.0,16.0,14.0,11.0,17.0,14.0,5.0
"Para Medical (physiotherapy, occupational theropy, audio and speech language theropy, nursing)",18.0,8.0,15.0,13.0,13.0,16.0,13.0,6.0
"Para Medical (physiotherapy, occupational theropy, audio and speech language theropy, nursing)",17.0,6.0,20.0,11.0,14.0,20.0,11.0,9.0
"Para Medical (physiotherapy, occupational theropy, audio and speech language theropy, nursing)",16.0,6.0,19.0,12.0,12.0,19.0,12.0,8.0
"Para Medical (physiotherapy, occupational theropy, audio and speech language theropy, nursing)",15.0,9.0,18.0,12.0,13.0,18.0,12.0,6.0
"Para Medical (physiotherapy, occupational theropy, audio and speech language theropy, nursing)",20.0,8.0,17.0,11.0,11.0,19.0,11.0,5.0
"Para Medical (physiotherapy, occupational theropy, audio and speech language theropy, nursing)",19.0,6.0,16.0,14.0,13.0,18.0,14.0,6.0
"Para Medical (physiotherapy, occupational theropy, audio and speech language theropy, nursing)",18.0,5.0,15.0,13.0,12.0,17.0,13.0,9.0
"Para Medical (physiotherapy, occupational theropy, audio and speech language theropy, nursing)",19.0,6.0,20.0,11.0,13.0,16.0,11.0,8.0
"Para Medical (physiotherapy, occupational theropy, audio and speech language theropy, nursing)",18.0,9.0,19.0,12.0,14.0,19.0,12.0,7.0
"Para Medical (physiotherapy, occupational theropy, audio and speech language theropy, nursing)",17.0,8.0,18.0,12.0,12.0,18.0,12.0,6.0
"Para Medical (physiotherapy, occupational theropy, audio and speech language theropy, nursing)",16.0,6.0,17.0,11.0,13.0,19.0,11.0,5.0
"Para Medical (physiotherapy, occupational theropy, audio and speech language theropy, nursing)",15.0,5.0,16.0,14.0,11.0,18.0,14.0,6.0
"Para Medical (physiotherapy, occupational theropy, audio and speech language theropy, nursing)",20.0,6.0,15.0,13.0,13.0,17.0,13.0,9.0
"Para Medical (physiotherapy, occupational theropy, audio and speech language theropy, nursing)",19.0,9.0,20.0,11.0,14.0,16.0,11.0,8.0
"Para Medical (physiotherapy, occupational theropy, audio and speech language theropy, nursing)",18.0,8.0,19.0,12.0,12.0,19.0,12.0,9.0
"Para Medical (physiotherapy, occupational theropy, audio and speech language theropy, nursing)",19.0,6.0,18.0,12.0,13.0,18.0,12.0,6.0
"Para Medical (physiotherapy, occupational theropy, audio and speech language theropy, nursing)",18.0,5.0,17.0,11.0,11.0,19.0,11.0,5.0
"Para Medical (physiotherapy, occupational theropy, audio and speech language theropy, nursing)",17.0,6.0,16.0,14.0,13.0,18.0,14.0,6.0
"Para Medical (physiotherapy, occupational theropy, audio and speech language theropy, nursing)",16.0,9.0,15.0,13.0,14.0,17.0,13.0,9.0
"Para Medical (physiotherapy, occupational theropy, audio and speech language theropy, nursing)",15.0,8.0,20.0,11.0,12.0,16.0,11.0,8.0
"Para Medical (physiotherapy, occupational theropy, audio and speech language theropy, nursing)",20.0,6.0,19.0,12.0,13.0,19.0,12.0,9.0
"Para Medical (physiotherapy, occupational theropy, audio and speech language theropy, nursing)",19.0,8.0,18.0,12.0,11.0,18.0,12.0,6.0
"Para Medical (physiotherapy, occupational theropy, audio and speech language theropy, nursing)",18.0,6.0,17.0,11.0,13.0,19.0,11.0,5.0
"Para Medical (physiotherapy, occupational theropy, audio and speech language theropy, nursing)",19.0,5.0,16.0,14.0,14.0,18.0,14.0,6.0
"Para Medical (physiotherapy, occupational theropy, audio and speech language theropy, nursing)",18.0,6.0,15.0,13.0,12.0,17.0,13.0,9.0
"Para Medical (physiotherapy, occupational theropy, audio and speech language theropy, nursing)",17.0,9.0,20.0,11.0,13.0,16.0,11.0,8.0
"Para Medical (physiotherapy, occupational theropy, audio and speech language theropy, nursing)",16.0,8.0,19.0,12.0,11.0,19.0,12.0,6.0
"Para Medical (physiotherapy, occupational theropy, audio and speech language theropy, nursing)",15.0,6.0,18.0,12.0,13.0,18.0,12.0,5.0
"Para Medical (physiotherapy, occupational theropy, audio and speech language theropy, nursing)",20.0,8.0,17.0,11.0,14.0,19.0,11.0,6.0
"Para Medical (physiotherapy, occupational theropy, audio and speech language theropy, nursing)",19.0,7.0,16.0,14.0,12.0,18.0,14.0,9.0
"Para Medical (physiotherapy, occupational theropy, audio and speech language theropy, nursing)",16.0,7.0,15.0,13.0,13.0,17.0,13.0,8.0
"Para Medical (physiotherapy, occupational theropy, audio and speech language theropy, nursing)",18.0,7.0,17.0,12.0,11.0,16.0,12.0,5.0
"Para Medical (physiotherapy, occupational theropy, audio and speech language theropy, nursing)",17.0,7.0,16.0,13.0,13.0,15.0,13.0,6.0
Militry,5.0,5.0,20.0,17.0,12.0,19.0,11.0,11.0
Militry,6.0,5.0,19.0,18.0,11.0,17.0,12.0,13.0
Militry,9.0,6.0,18.0,20.0,13.0,18.0,12.0,14.0
Militry,8.0,9.0,17.0,19.0,14.0,20.0,11.0,11.0
Militry,5.0,8.0,16.0,18.0,11.0,17.0,14.0,12.0
Militry,6.0,7.0,15.0,17.0,12.0,18.0,13.0,11.0
Militry,9.0,6.0,20.0,16.0,11.0,20.0,11.0,13.0
Militry,8.0,5.0,19.0,15.0,13.0,19.0,12.0,14.0
Militry,6.0,6.0,18.0,20.0,14.0,17.0,12.0,11.0
Militry,5.0,8.0,17.0,19.0,11.0,18.0,11.0,12.0
Militry,5.0,8.0,16.0,18.0,12.0,20.0,14.0,11.0
Militry,6.0,8.0,15.0,17.0,11.0,17.0,13.0,13.0
Militry,9.0,5.0,20.0,16.0,13.0,18.0,11.0,14.0
Militry,8.0,6.0,19.0,15.0,14.0,20.0,12.0,11.0
Militry,5.0,9.0,18.0,20.0,11.0,19.0,12.0,12.0
Militry,5.0,8.0,17.0,19.0,12.0,17.0,11.0,13.0
Militry,6.0,6.0,16.0,18.0,11.0,18.0,14.0,11.0
Militry,9.0,5.0,15.0,17.0,13.0,20.0,13.0,13.0
Militry,5.0,5.0,20.0,16.0,14.0,17.0,11.0,14.0
Militry,6.0,6.0,19.0,15.0,11.0,18.0,12.0,11.0
Militry,9.0,9.0,18.0,20.0,12.0,20.0,12.0,12.0
Militry,8.0,8.0,17.0,19.0,11.0,19.0,11.0,14.0
Militry,7.0,6.0,16.0,18.0,13.0,17.0,14.0,11.0
Militry,6.0,5.0,15.0,17.0,14.0,18.0,13.0,13.0
Militry,5.0,10.0,20.0,16.0,11.0,20.0,11.0,14.0
Militry,6.0,5.0,19.0,15.0,12.0,17.0,12.0,11.0
Militry,5.0,6.0,18.0,20.0,11.0,18.0,12.0,12.0
Militry,6.0,9.0,17.0,19.0,13.0,20.0,11.0,14.0
Militry,9.0,8.0,16.0,18.0,14.0,19.0,14.0,11.0
Militry,8.0,6.0,15.0,17.0,11.0,17.0,13.0,13.0
Militry,7.0,5.0,20.0,16.0,12.0,18.0,11.0,14.0
Militry,6.0,5.0,19.0,15.0,11.0,20.0,12.0,11.0
Militry,5.0,6.0,18.0,20.0,13.0,17.0,12.0,12.0
Militry,6.0,9.0,17.0,19.0,14.0,18.0,11.0,14.0
Militry,5.0,8.0,16.0,18.0,11.0,20.0,14.0,11.0
Militry,6.0,6.0,15.0,17.0,12.0,19.0,13.0,13.0
Militry,9.0,5.0,20.0,16.0,11.0,17.0,11.0,14.0
Militry,8.0,9.0,19.0,15.0,13.0,18.0,12.0,11.0
Militry,7.0,6.0,18.0,20.0,14.0,20.0,12.0,12.0
Militry,6.0,9.0,17.0,19.0,11.0,17.0,11.0,11.0
Militry,5.0,8.0,16.0,18.0,12.0,18.0,14.0,11.0
Militry,6.0,6.0,15.0,17.0,11.0,20.0,13.0,13.0
Militry,5.0,5.0,20.0,16.0,13.0,19.0,11.0,14.0
Militry,6.0,9.0,19.0,15.0,14.0,17.0,12.0,11.0
Militry,9.0,9.0,18.0,20.0,11.0,18.0,12.0,11.0
Militry,8.0,8.0,17.0,19.0,12.0,20.0,11.0,13.0
Militry,7.0,6.0,16.0,18.0,11.0,17.0,14.0,14.0
Militry,6.0,5.0,15.0,17.0,13.0,18.0,13.0,11.0
Militry,5.0,9.0,17.0,16.0,14.0,20.0,12.0,12.0
Militry,6.0,5.0,16.0,15.0,11.0,17.0,13.0,14.0
Para Militry (https://en.wikipedia.org/wiki/Paramilitary_forces_of_India),7.0,6.0,20.0,20.0,11.0,19.0,11.0,11.0
Para Militry (https://en.wikipedia.org/wiki/Paramilitary_forces_of_India),6.0,7.0,19.0,19.0,12.0,19.0,13.0,12.0
Para Militry (https://en.wikipedia.org/wiki/Paramilitary_forces_of_India),5.0,6.0,18.0,18.0,12.0,18.0,14.0,12.0
Para Militry (https://en.wikipedia.org/wiki/Paramilitary_forces_of_India),6.0,5.0,17.0,17.0,11.0,18.0,11.0,11.0
Para Militry (https://en.wikipedia.org/wiki/Paramilitary_forces_of_India),5.0,8.0,16.0,16.0,14.0,17.0,12.0,14.0
Para Militry (https://en.wikipedia.org/wiki/Paramilitary_forces_of_India),6.0,9.0,15.0,15.0,13.0,17.0,11.0,13.0
Para Militry (https://en.wikipedia.org/wiki/Paramilitary_forces_of_India),9.0,7.0,20.0,20.0,11.0,16.0,13.0,11.0
Para Militry (https://en.wikipedia.org/wiki/Paramilitary_forces_of_India),8.0,6.0,19.0,19.0,12.0,16.0,14.0,12.0
Para Militry (https://en.wikipedia.org/wiki/Paramilitary_forces_of_India),7.0,5.0,20.0,18.0,12.0,15.0,11.0,12.0
Para Militry (https://en.wikipedia.org/wiki/Paramilitary_forces_of_India),6.0,8.0,19.0,17.0,11.0,15.0,11.0,11.0
Para Militry (https://en.wikipedia.org/wiki/Paramilitary_forces_of_India),5.0,9.0,18.0,16.0,14.0,19.0,13.0,14.0
Para Militry (https://en.wikipedia.org/wiki/Paramilitary_forces_of_India),6.0,7.0,17.0,15.0,13.0,19.0,14.0,13.0
Para Militry (https://en.wikipedia.org/wiki/Paramilitary_forces_of_India),5.0,6.0,16.0,20.0,11.0,18.0,11.0,11.0
Para Militry (https://en.wikipedia.org/wiki/Paramilitary_forces_of_India),6.0,5.0,15.0,19.0,12.0,18.0,12.0,12.0
Para Militry (https://en.wikipedia.org/wiki/Paramilitary_forces_of_India),9.0,8.0,20.0,18.0,12.0,17.0,11.0,12.0
Para Militry (https://en.wikipedia.org/wiki/Paramilitary_forces_of_India),8.0,9.0,20.0,17.0,11.0,17.0,13.0,11.0
Para Militry (https://en.wikipedia.org/wiki/Paramilitary_forces_of_India),7.0,7.0,19.0,16.0,14.0,16.0,14.0,14.0
Para Militry (https://en.wikipedia.org/wiki/Paramilitary_forces_of_India),6.0,6.0,18.0,15.0,13.0,16.0,11.0,13.0
Para Militry (https://en.wikipedia.org/wiki/Paramilitary_forces_of_India),5.0,5.0,17.0,20.0,11.0,15.0,11.0,11.0
Para Militry (https://en.wikipedia.org/wiki/Paramilitary_forces_of_India),6.0,8.0,16.0,19.0,12.0,15.0,13.0,12.0
Para Militry (https://en.wikipedia.org/wiki/Paramilitary_forces_of_India),5.0,9.0,15.0,18.0,12.0,19.0,14.0,12.0
Para Militry (https://en.wikipedia.org/wiki/Paramilitary_forces_of_India),6.0,7.0,20.0,17.0,11.0,19.0,11.0,11.0
Para Militry (https://en.wikipedia.org/wiki/Paramilitary_forces_of_India),9.0,6.0,20.0,16.0,14.0,18.0,12.0,14.0
Para Militry (https://en.wikipedia.org/wiki/Paramilitary_forces_of_India),8.0,5.0,19.0,15.0,13.0,18.0,11.0,13.0
Para Militry (https://en.wikipedia.org/wiki/Paramilitary_forces_of_India),7.0,8.0,18.0,20.0,11.0,17.0,13.0,11.0
Para Militry (https://en.wikipedia.org/wiki/Paramilitary_forces_of_India),6.0,9.0,17.0,19.0,12.0,17.0,14.0,12.0
Para Militry (https://en.wikipedia.org/wiki/Paramilitary_forces_of_India),5.0,7.0,16.0,18.0,12.0,16.0,11.0,12.0
Para Militry (https://en.wikipedia.org/wiki/Paramilitary_forces_of_India),6.0,6.0,15.0,17.0,11.0,16.0,11.0,11.0
Para Militry (https://en.wikipedia.org/wiki/Paramilitary_forces_of_India),5.0,5.0,20.0,16.0,14.0,15.0,13.0,14.0
Para Militry (https://en.wikipedia.org/wiki/Paramilitary_forces_of_India),6.0,8.0,20.0,15.0,13.0,15.0,14.0,13.0
Para Militry (https://en.wikipedia.org/wiki/Paramilitary_forces_of_India),9.0,9.0,19.0,20.0,11.0,19.0,11.0,11.0
Para Militry (https://en.wikipedia.org/wiki/Paramilitary_forces_of_India),8.0,7.0,18.0,19.0,12.0,19.0,12.0,12.0
Para Militry (https://en.wikipedia.org/wiki/Paramilitary_forces_of_India),7.0,6.0,17.0,18.0,12.0,18.0,11.0,12.0
Para Militry (https://en.wikipedia.org/wiki/Paramilitary_forces_of_India),6.0,5.0,16.0,17.0,11.0,18.0,13.0,11.0
Para Militry (https://en.wikipedia.org/wiki/Paramilitary_forces_of_India),5.0,8.0,15.0,16.0,14.0,17.0,14.0,14.0
Para Militry (https://en.wikipedia.org/wiki/Paramilitary_forces_of_India),6.0,9.0,20.0,15.0,13.0,17.0,11.0,13.0
Para Militry (https://en.wikipedia.org/wiki/Paramilitary_forces_of_India),5.0,7.0,20.0,20.0,11.0,19.0,11.0,11.0
Para Militry (https://en.wikipedia.org/wiki/Paramilitary_forces_of_India),6.0,6.0,20.0,19.0,12.0,19.0,13.0,12.0
Para Militry (https://en.wikipedia.org/wiki/Paramilitary_forces_of_India),9.0,5.0,19.0,18.0,12.0,18.0,14.0,12.0
Para Militry (https://en.wikipedia.org/wiki/Paramilitary_forces_of_India),8.0,8.0,18.0,17.0,11.0,18.0,11.0,11.0
Para Militry (https://en.wikipedia.org/wiki/Paramilitary_forces_of_India),7.0,9.0,17.0,16.0,14.0,17.0,12.0,14.0
Para Militry (https://en.wikipedia.org/wiki/Paramilitary_forces_of_India),6.0,7.0,16.0,15.0,13.0,17.0,11.0,13.0
Para Militry (https://en.wikipedia.org/wiki/Paramilitary_forces_of_India),5.0,6.0,15.0,20.0,11.0,16.0,13.0,11.0
Para Militry (https://en.wikipedia.org/wiki/Paramilitary_forces_of_India),6.0,5.0,20.0,19.0,12.0,16.0,14.0,12.0
Para Militry (https://en.wikipedia.org/wiki/Paramilitary_forces_of_India),5.0,8.0,20.0,18.0,12.0,15.0,12.0,12.0
Para Militry (https://en.wikipedia.org/wiki/Paramilitary_forces_of_India),6.0,9.0,19.0,17.0,11.0,15.0,11.0,11.0
Para Militry (https://en.wikipedia.org/wiki/Paramilitary_forces_of_India),9.0,8.0,18.0,16.0,14.0,19.0,13.0,14.0
Para Militry (https://en.wikipedia.org/wiki/Paramilitary_forces_of_India),8.0,5.0,17.0,15.0,13.0,19.0,14.0,13.0
Para Militry (https://en.wikipedia.org/wiki/Paramilitary_forces_of_India),5.0,9.0,16.0,17.0,12.0,18.0,12.0,12.0
Para Militry (https://en.wikipedia.org/wiki/Paramilitary_forces_of_India),7.0,8.0,15.0,16.0,13.0,18.0,13.0,13.0
"Police Force (Spies, CBI officials, CID, Detectives)",5.0,9.0,19.0,20.0,12.0,17.0,11.0,12.0
"Police Force (Spies, CBI officials, CID, Detectives)",8.0,8.0,18.0,19.0,12.0,20.0,12.0,12.0
"Police Force (Spies, CBI officials, CID, Detectives)",9.0,7.0,17.0,18.0,12.0,20.0,12.0,12.0
"Police Force (Spies, CBI officials, CID, Detectives)",8.0,6.0,16.0,17.0,12.0,20.0,11.0,12.0
"Police Force (Spies, CBI officials, CID, Detectives)",5.0,5.0,15.0,16.0,12.0,20.0,14.0,12.0
"Police Force (Spies, CBI officials, CID, Detectives)",9.0,6.0,20.0,15.0,12.0,20.0,13.0,12.0
"Police Force (Spies, CBI officials, CID, Detectives)",8.0,5.0,19.0,20.0,12.0,20.0,11.0,12.0
"Police Force (Spies, CBI officials, CID, Detectives)",6.0,6.0,18.0,19.0,12.0,20.0,12.0,12.0
"Police Force (Spies, CBI officials, CID, Detectives)",9.0,8.0,17.0,18.0,12.0,20.0,12.0,12.0
"Police Force (Spies, CBI officials, CID, Detectives)",8.0,9.0,19.0,17.0,13.0,20.0,11.0,13.0
"Police Force (Spies, CBI officials, CID, Detectives)",7.0,8.0,19.0,16.0,13.0,20.0,14.0,13.0
"Police Force (Spies, CBI officials, CID, Detectives)",6.0,5.0,18.0,15.0,13.0,20.0,13.0,13.0
"Police Force (Spies, CBI officials, CID, Detectives)",5.0,9.0,17.0,20.0,13.0,20.0,11.0,13.0
"Police Force (Spies, CBI officials, CID, Detectives)",6.0,8.0,16.0,19.0,13.0,20.0,12.0,13.0
"Police Force (Spies, CBI officials, CID, Detectives)",5.0,9.0,15.0,18.0,13.0,20.0,12.0,13.0
"Police Force (Spies, CBI officials, CID, Detectives)",6.0,8.0,20.0,17.0,13.0,20.0,11.0,13.0
"Police Force (Spies, CBI officials, CID, Detectives)",9.0,7.0,19.0,16.0,13.0,20.0,14.0,13.0
"Police Force (Spies, CBI officials, CID, Detectives)",8.0,6.0,18.0,15.0,13.0,20.0,13.0,13.0
"Police Force (Spies, CBI officials, CID, Detectives)",5.0,5.0,17.0,20.0,13.0,20.0,11.0,13.0
"Police Force (Spies, CBI officials, CID, Detectives)",9.0,6.0,19.0,19.0,14.0,20.0,12.0,14.0
"Police Force (Spies, CBI officials, CID, Detectives)",8.0,5.0,18.0,18.0,14.0,18.0,12.0,14.0
"Police Force (Spies, CBI officials, CID, Detectives)",5.0,6.0,17.0,17.0,14.0,18.0,11.0,14.0
"Police Force (Spies, CBI officials, CID, Detectives)",5.0,8.0,16.0,16.0,14.0,18.0,14.0,14.0
"Police Force (Spies, CBI officials, CID, Detectives)",5.0,9.0,15.0,15.0,14.0,18.0,13.0,14.0
"Police Force (Spies, CBI officials, CID, Detectives)",5.0,8.0,20.0,20.0,14.0,18.0,11.0,14.0
"Police Force (Spies, CBI officials, CID, Detectives)",8.0,5.0,19.0,19.0,14.0,18.0,12.0,14.0
"Police Force (Spies, CBI officials, CID, Detectives)",8.0,9.0,18.0,18.0,14.0,18.0,12.0,14.0
"Police Force (Spies, CBI officials, CID, Detectives)",8.0,8.0,17.0,17.0,14.0,18.0,11.0,14.0
"Police Force (Spies, CBI officials, CID, Detectives)",5.0,9.0,19.0,16.0,14.0,18.0,14.0,14.0
"Police Force (Spies, CBI officials, CID, Detectives)",8.0,8.0,19.0,15.0,14.0,18.0,13.0,14.0
"Police Force (Spies, CBI officials, CID, Detectives)",9.0,7.0,18.0,20.0,14.0,18.0,11.0,14.0
"Police Force (Spies, CBI officials, CID, Detectives)",8.0,6.0,17.0,19.0,14.0,15.0,12.0,14.0
"Police Force (Spies, CBI officials, CID, Detectives)",5.0,5.0,16.0,18.0,14.0,15.0,12.0,14.0
"Police Force (Spies, CBI officials, CID, Detectives)",9.0,6.0,15.0,17.0,14.0,15.0,11.0,14.0
"Police Force (Spies, CBI officials, CID, Detectives)",8.0,5.0,20.0,16.0,11.0,15.0,14.0,11.0
"Police Force (Spies, CBI officials, CID, Detectives)",9.0,6.0,19.0,15.0,11.0,15.0,13.0,11.0
"Police Force (Spies, CBI officials, CID, Detectives)",8.0,8.0,18.0,20.0,11.0,15.0,11.0,11.0
"Police Force (Spies, CBI officials, CID, Detectives)",7.0,9.0,17.0,19.0,11.0,16.0,12.0,11.0
"Police Force (Spies, CBI officials, CID, Detectives)",6.0,8.0,19.0,18.0,11.0,16.0,12.0,11.0
"Police Force (Spies, CBI officials, CID, Detectives)",5.0,5.0,18.0,17.0,11.0,16.0,11.0,11.0
"Police Force (Spies, CBI officials, CID, Detectives)",6.0,9.0,17.0,16.0,11.0,16.0,14.0,11.0
"Police Force (Spies, CBI officials, CID, Detectives)",5.0,8.0,16.0,15.0,11.0,16.0,13.0,11.0
"Police Force (Spies, CBI officials, CID, Detectives)",6.0,9.0,15.0,20.0,11.0,16.0,11.0,11.0
"Police Force (Spies, CBI officials, CID, Detectives)",8.0,8.0,20.0,19.0,11.0,16.0,12.0,11.0
"Police Force (Spies, CBI officials, CID, Detectives)",9.0,7.0,19.0,18.0,12.0,16.0,12.0,12.0
"Police Force (Spies, CBI officials, CID, Detectives)",8.0,6.0,18.0,17.0,12.0,16.0,11.0,12.0
"Police Force (Spies, CBI officials, CID, Detectives)",5.0,5.0,17.0,16.0,12.0,16.0,14.0,12.0
"Police Force (Spies, CBI officials, CID, Detectives)",9.0,6.0,18.0,15.0,12.0,16.0,13.0,12.0
"Police Force (Spies, CBI officials, CID, Detectives)",8.0,5.0,17.0,17.0,12.0,16.0,12.0,12.0
"Police Force (Spies, CBI officials, CID, Detectives)",7.0,6.0,20.0,16.0,12.0,16.0,13.0,12.0
Technician,5.0,5.0,20.0,11.0,12.0,15.0,13.0,12.0
Technician,6.0,5.0,19.0,12.0,14.0,16.0,11.0,12.0
Technician,7.0,6.0,17.0,11.0,13.0,17.0,12.0,12.0
Technician,8.0,6.0,19.0,12.0,11.0,18.0,14.0,12.0
Technician,9.0,7.0,20.0,11.0,12.0,19.0,13.0,13.0
Technician,10.0,7.0,19.0,12.0,14.0,15.0,13.0,11.0
Technician,5.0,8.0,17.0,13.0,13.0,16.0,13.0,12.0
Technician,6.0,8.0,19.0,14.0,11.0,17.0,13.0,14.0
Technician,7.0,9.0,20.0,11.0,12.0,18.0,13.0,12.0
Technician,8.0,9.0,19.0,12.0,14.0,19.0,11.0,12.0
Technician,9.0,5.0,17.0,11.0,13.0,15.0,12.0,12.0
Technician,10.0,5.0,19.0,12.0,11.0,16.0,14.0,12.0
Technician,5.0,6.0,20.0,13.0,12.0,17.0,11.0,13.0
Technician,6.0,6.0,19.0,14.0,14.0,18.0,11.0,11.0
Technician,7.0,7.0,17.0,11.0,13.0,19.0,11.0,12.0
Technician,8.0,7.0,19.0,12.0,11.0,15.0,11.0,14.0
Technician,9.0,8.0,15.0,11.0,12.0,16.0,13.0,13.0
Technician,10.0,8.0,16.0,12.0,14.0,17.0,11.0,13.0
Technician,5.0,9.0,17.0,13.0,13.0,18.0,12.0,13.0
Technician,6.0,9.0,18.0,14.0,11.0,19.0,14.0,13.0
Technician,7.0,5.0,15.0,11.0,12.0,15.0,12.0,13.0
Technician,8.0,5.0,16.0,12.0,14.0,16.0,12.0,11.0
Technician,9.0,6.0,17.0,11.0,13.0,17.0,12.0,12.0
Technician,10.0,6.0,18.0,12.0,11.0,18.0,12.0,14.0
Technician,5.0,7.0,15.0,13.0,12.0,19.0,13.0,11.0
Technician,6.0,7.0,16.0,14.0,14.0,15.0,11.0,11.0
Technician,7.0,8.0,17.0,11.0,13.0,16.0,12.0,11.0
Technician,8.0,8.0,18.0,12.0,11.0,17.0,14.0,11.0
Technician,9.0,9.0,15.0,11.0,12.0,18.0,12.0,13.0
Technician,10.0,9.0,16.0,12.0,14.0,19.0,12.0,11.0
Technician,5.0,5.0,17.0,13.0,13.0,15.0,12.0,12.0
Technician,6.0,5.0,18.0,14.0,11.0,16.0,12.0,14.0
Technician,7.0,6.0,15.0,11.0,12.0,17.0,13.0,12.0
Technician,8.0,6.0,16.0,12.0,14.0,18.0,11.0,12.0
Technician,9.0,7.0,17.0,11.0,13.0,19.0,12.0,12.0
Technician,10.0,7.0,18.0,12.0,11.0,15.0,14.0,12.0
Technician,5.0,8.0,15.0,13.0,12.0,16.0,11.0,13.0
Technician,6.0,8.0,16.0,14.0,14.0,17.0,11.0,11.0
Technician,7.0,9.0,17.0,11.0,13.0,18.0,11.0,12.0
Technician,8.0,9.0,18.0,12.0,11.0,19.0,11.0,14.0
Technician,9.0,5.0,18.0,11.0,12.0,15.0,13.0,12.0
Technician,10.0,5.0,15.0,12.0,14.0,16.0,11.0,12.0
Technician,5.0,6.0,16.0,13.0,13.0,17.0,12.0,12.0
Technician,6.0,6.0,17.0,14.0,11.0,18.0,14.0,12.0
Technician,7.0,7.0,18.0,11.0,12.0,19.0,14.0,13.0
Technician,8.0,7.0,15.0,12.0,14.0,15.0,14.0,11.0
Technician,9.0,8.0,16.0,11.0,13.0,16.0,14.0,12.0
Technician,10.0,8.0,17.0,12.0,11.0,17.0,14.0,14.0
Technician,6.0,9.0,19.0,13.0,13.0,18.0,13.0,11.0
Technician,8.0,9.0,18.0,14.0,14.0,19.0,14.0,11.0
